depth,pageid,parent,title,sex
1,4362990,3248378,Category:日本の女性 (職業別と世紀別),female
1,4102361,3248378,Category:日本の女性アイドル,female
1,3832674,3248378,Category:日本の女性医師,female
1,3510778,3248378,Category:日本の女性音楽家,female
1,4484229,3248378,Category:日本の女性ガーデナー,female
1,3614549,3248378,Category:日本の女性外交官,female
1,4370107,3248378,Category:日本の女性学者,female
1,4219282,3248378,Category:日本の女性活動家,female
1,4487488,3248378,Category:日本の女性官僚,female
1,4538445,3248378,Category:日本の女性キュレーター,female
1,4054309,3248378,Category:日本の女性教育者,female
1,4271120,3248378,Category:日本の女性軍人,female
1,2832939,3248378,Category:芸妓,female
1,4518030,3248378,Category:日本の女性検察官,female
1,4721949,3248378,Category:女流講談師,female
1,3572734,3248378,Category:日本の女性コメディアン,female
1,4575396,3248378,Category:日本の女性裁判官,female
1,3572748,3248378,Category:日本の女性作家,female
1,3410786,3248378,Category:日本の女性サッカー指導者,female
1,3473877,3248378,Category:女性自衛官,female
1,4282014,3248378,Category:日本の女性実業家,female
1,4510967,3248378,Category:日本の女性社会起業家,female
1,2161939,3248378,Category:日本の助産師,female
1,3397597,3248378,Category:日本の女優,female
1,215751,3248378,Category:将棋の女流棋士,female
1,2447798,3248378,Category:日本の女子スポーツ選手,female
1,3243349,3248378,Category:日本の女性政治家,female
1,4484230,3248378,Category:日本の女性造園家,female
1,4131512,3248378,Category:日本の女性タレント,female
1,3912550,3248378,Category:日本の女性著作家,female
1,3995528,3248378,Category:日本の尼僧,female
1,3033046,3248378,Category:日本の女官,female
1,3849768,3248378,Category:日本の女性パイロット,female
1,4157155,3248378,Category:女性都道府県副知事,female
1,3583692,3248378,Category:日本の女性弁護士,female
1,4362501,3248378,Category:日本の女性編集者,female
1,2436805,3248378,Category:巫女,female
1,1486251,3248378,Category:日本の女性モデル,female
1,2660086,3248378,Category:江戸時代の遊女,female
1,3918821,3248378,Category:日本の女性YouTuber,female
1,3286406,3248378,Category:日本の女流落語家,female
2,4758672,3918821,Category:あおぎり高校のバーチャルYouTuber,female
2,4812852,3918821,Category:KAMITSUBAKI STUDIOのバーチャルアーティスト,female
2,4224943,3918821,Category:ななしいんくのバーチャルYouTuber,female
2,4474676,3918821,Category:ぶいすぽっ! Virtual eSports ProjectのバーチャルYouTuber,female
2,3965774,3918821,Category:ホロライブのバーチャルYouTuber,female
2,2949186,2660086,Category:島原太夫,female
2,1486262,1486251,Category:日本の女性アダルトモデル,female
2,3526999,1486251,Category:日本のグラビアモデル,female
2,3795584,1486251,Category:女性向けファッション雑誌のモデル,female
2,1486221,1486251,Category:日本の女性ファッションモデル,female
2,4486551,2436805,Category:出雲阿国,female
2,1174462,2436805,Category:架空の巫女,female
2,2771847,3033046,Category:奈良時代の女官,female
2,2771844,3033046,Category:平安時代の女官,female
2,2771885,3033046,Category:鎌倉時代の女官,female
2,3982881,3033046,Category:南北朝時代の女官,female
2,2790825,3033046,Category:江戸時代の女官,female
2,5112846,3033046,Category:近代日本の女官,female
2,5112867,3033046,Category:現代日本の女官,female
2,2771837,3033046,Category:尚侍,female
2,3982884,3033046,Category:女房名,female
2,4483925,3995528,Category:日本の尼僧 (世紀別),female
2,3929672,3912550,Category:日本の女性著作家 (世紀別),female
2,4006334,3912550,Category:日本の女性絵本作家,female
2,4481662,3912550,Category:日本の女性脚本家,female
2,4481657,3912550,Category:日本の女性劇作家,female
2,4006335,3912550,Category:日本の女性作詞家,female
2,3838583,3912550,Category:日本の女性詩人,female
2,4006331,3912550,Category:日本の女性児童文学作家,female
2,3572743,3912550,Category:日本の女性小説家,female
2,4319833,3912550,Category:日本の女性ノンフィクション作家,female
2,4362394,3912550,Category:日本の女性翻訳家,female
2,404662,4131512,Category:ワンギャル,female
2,738567,4131512,Category:オビガールG,female
2,197692,4131512,Category:グラビアアイドル,female
2,631556,4131512,Category:芸能人女子フットサル選手,female
2,435469,4131512,Category:ブランチリポーター,female
2,420315,4131512,Category:ミッドナイト☆パーティーシンデレラ,female
2,3835221,3243349,Category:日本の女性閣僚,female
2,3243922,3243349,Category:日本の女性議員,female
2,4904264,3243349,Category:田中眞紀子,female
2,3719610,3243349,Category:日本の女性地方首長,female
2,4493330,3243349,Category:土井たか子,female
2,4276139,2447798,Category:日本の女子アーチェリー選手,female
2,2560289,2447798,Category:日本の女子アイスホッケー選手,female
2,4094457,2447798,Category:日本の女子アルペンスキー選手,female
2,4114711,2447798,Category:日本の女子カーリング選手,female
2,2531086,2447798,Category:日本の女子空手家,female
2,4943472,2447798,Category:日本の女性騎手,female
2,1450768,2447798,Category:日本の女子キックボクサー,female
2,1922966,2447798,Category:女子競艇選手,female
2,3853400,2447798,Category:日本の女子競泳選手,female
2,1965825,2447798,Category:日本の女子ゴルファー,female
2,5013133,2447798,Category:日本の女子サーファー,female
2,177858,2447798,Category:日本の女子サッカー選手,female
2,1406663,2447798,Category:日本の女子自転車選手,female
2,3814878,2447798,Category:日本の女子柔道家,female
2,3935008,2447798,Category:日本の女子重量挙げ選手,female
2,4394408,2447798,Category:日本の女子ショートトラックスピードスケート選手,female
2,3084630,2447798,Category:日本の女子シングルスケーティング選手,female
2,3974582,2447798,Category:日本の女子水球選手,female
2,5009025,2447798,Category:日本の女子スカッシュ選手,female
2,2565378,2447798,Category:日本の女子スキージャンプ選手,female
2,4069627,2447798,Category:日本の女子スピードスケート選手,female
2,4183636,2447798,Category:日本の女子セーリング選手,female
2,1455975,2447798,Category:日本の女子総合格闘家,female
2,4821908,2447798,Category:日本の女子ソフトテニス選手,female
2,3951156,2447798,Category:日本の女子体操競技選手,female
2,3946012,2447798,Category:日本の女子卓球選手,female
2,4108915,2447798,Category:日本の女子テコンドー選手,female
2,1965922,2447798,Category:日本の女子テニス選手,female
2,4117110,2447798,Category:日本の女子飛込競技選手,female
2,4119091,2447798,Category:日本の女子トライアスロン選手,female
2,1396289,2447798,Category:日本の女子バスケットボール選手,female
2,4066571,2447798,Category:日本の女子バドミントン選手,female
2,1908604,2447798,Category:日本の女子バレーボール選手,female
2,3694986,2447798,Category:日本の女子ハンドボール選手,female
2,4063165,2447798,Category:日本の女子ビーチバレーボール選手,female
2,4107570,2447798,Category:日本の女子フェンシング選手,female
2,3421928,2447798,Category:日本の女子フットサル選手,female
2,741915,2447798,Category:日本の女子プロレスラー,female
2,4891475,2447798,Category:日本の女子ベースボール5選手,female
2,4059504,2447798,Category:日本の女子ボウリング選手,female
2,751251,2447798,Category:日本の女子ボクサー,female
2,4038053,2447798,Category:日本の女子ホッケー選手,female
2,4118880,2447798,Category:日本の女子ボディビルダー,female
2,1965699,2447798,Category:日本の女子野球選手,female
2,3942079,2447798,Category:日本の女子ラグビーユニオン選手,female
2,3666846,2447798,Category:日本の女子陸上競技選手,female
2,3940701,2447798,Category:日本の女性レーシングドライバー,female
2,2565774,2447798,Category:日本の女子レスリング選手,female
2,1262131,215751,Category:女流棋士会 (将棋),female
2,4194157,215751,Category:将棋のYouTuber,female
2,4481441,3397597,Category:日本の女優 (世紀別),female
2,230937,3397597,Category:日本のAV女優,female
2,5003690,3397597,Category:日本の女性子役,female
2,676880,3397597,Category:日本の女性声優,female
2,3551922,3397597,Category:日本の舞台女優,female
2,2331549,2161939,Category:保健師助産師看護師養成所,female
3,3511934,3551922,Category:日本のミュージカル女優,female
3,2477333,3551922,Category:男役,female
3,2490863,3551922,Category:娘役,female
3,2261128,230937,Category:日本のアダルトビデオメーカー別のAV女優,female
3,2324724,230937,Category:熟女系AV女優,female
3,3450568,230937,Category:ニューハーフAV女優,female
3,5104971,230937,Category:ハーフのAV女優,female
3,2383644,230937,Category:BRW108,female
3,4481449,4481441,Category:16世紀日本の女優,female
3,4481450,4481441,Category:17世紀日本の女優,female
3,4481026,4481441,Category:19世紀日本の女優,female
3,4481027,4481441,Category:20世紀日本の女優,female
3,4481471,4481441,Category:21世紀日本の女優,female
3,3666897,3666846,Category:日本の女子円盤投の選手,female
3,3690567,3666846,Category:日本の女子競歩選手,female
3,3691399,3666846,Category:日本の女子車いすレース選手,female
3,3689644,3666846,Category:日本の女子三段跳の選手,female
3,3693953,3666846,Category:日本の女子短距離走の選手,female
3,3693958,3666846,Category:日本の女子中距離走の選手,female
3,3693962,3666846,Category:日本の女子長距離走の選手,female
3,3690588,3666846,Category:日本の七種競技の選手,female
3,3693969,3666846,Category:日本の女子ハードル選手,female
3,3688510,3666846,Category:日本の女子走高跳の選手,female
3,3689636,3666846,Category:日本の女子走幅跳の選手,female
3,3666902,3666846,Category:日本の女子ハンマー投の選手,female
3,3666878,3666846,Category:日本の女子砲丸投の選手,female
3,3688487,3666846,Category:日本の女子棒高跳の選手,female
3,3693966,3666846,Category:日本の女子マラソン選手,female
3,3666885,3666846,Category:日本の女子やり投の選手,female
3,4484206,3942079,Category:ラグビー女子日本代表選手,female
3,4858993,1965699,Category:女子野球日本代表選手,female
3,4949186,1965699,Category:日本の高等学校出身の女子野球選手,female
3,4949234,1965699,Category:日本の大学出身の女子野球選手,female
4,4862341,4949234,Category:環太平洋大学出身の女子野球選手,female
4,4859790,4949234,Category:至学館大学及び至学館大学短期大学部出身の女子野球選手,female
4,4859748,4949234,Category:尚美学園大学出身の女子野球選手,female
4,4861695,4949234,Category:筑波大学出身の女子野球選手,female
4,4861725,4949234,Category:帝京平成大学出身の女子野球選手,female
4,4861296,4949234,Category:日本女子体育大学出身の女子野球選手,female
4,4861265,4949234,Category:日本体育大学出身の女子野球選手,female
4,4860816,4949234,Category:平成国際大学出身の女子野球選手,female
4,4861293,4949234,Category:武蔵大学出身の女子野球選手,female
4,4860873,4949234,Category:流通経済大学出身の女子野球選手,female
4,4860077,4949186,Category:大阪夕陽丘学園高等学校出身の女子野球選手,female
4,4860093,4949186,Category:神村学園高等部出身の女子野球選手,female
4,4860089,4949186,Category:岐阜県立郡上北高等学校出身の女子野球選手,female
4,4862288,4949186,Category:京都西山高等学校出身の女子野球選手,female
4,4862340,4949186,Category:京都両洋高等学校出身の女子野球選手,female
4,4860067,4949186,Category:熊本県立熊本商業高等学校出身の女子野球選手,female
4,4860447,4949186,Category:高知中央高等学校出身の女子野球選手,female
4,4862359,4949186,Category:神戸弘陵学園高等学校出身の女子野球選手,female
4,4860091,4949186,Category:駒沢学園女子高等学校出身の女子野球選手,female
4,4860545,4949186,Category:埼玉栄高等学校出身の女子野球選手,female
4,4859833,4949186,Category:至学館高等学校出身の女子野球選手,female
4,4861704,4949186,Category:市立札幌藻岩高等学校出身の女子野球選手,female
4,4862329,4949186,Category:椙山女学園高等学校出身の女子野球選手,female
4,4860811,4949186,Category:聖和学園高等学校出身の女子野球選手,female
4,4860883,4949186,Category:関市立関商工高等学校出身の女子野球選手,female
4,4861229,4949186,Category:奈良県立畝傍高等学校出身の女子野球選手,female
4,4860104,4949186,Category:花咲徳栄高等学校出身の女子野球選手,female
4,5029426,4949186,Category:福井工業大学附属福井高等学校出身の女子野球選手,female
4,4862281,4949186,Category:福岡大学附属若葉高等学校出身の女子野球選手,female
4,4948524,4949186,Category:福知山成美高等学校出身の女子野球選手,female
4,4860110,4949186,Category:横浜隼人高等学校出身の女子野球選手,female
4,4948600,4949186,Category:履正社高等学校出身の女子野球選手,female
4,4596373,4484206,Category:7人制ラグビー女子日本代表選手,female
4,3911502,3693966,Category:高橋尚子,female
4,2265944,2261128,Category:アイエナジー女優,female
4,2255636,2261128,Category:アイデアポケット女優,female
4,2265965,2261128,Category:アイビーワークス女優,female
4,2265942,2261128,Category:アウダースジャパン女優,female
4,2540395,2261128,Category:アキノリ女優,female
4,2266051,2261128,Category:アタッカーズ女優,female
4,2266073,2261128,Category:アテナ映像女優,female
4,2265934,2261128,Category:アートビデオ女優,female
4,3781290,2261128,Category:ATOM女優,female
4,2266340,2261128,Category:アトラス21女優,female
4,2255625,2261128,Category:アリスJAPAN女優,female
4,2405552,2261128,Category:アリーナ女優,female
4,2266027,2261128,Category:アロマ企画女優,female
4,2712593,2261128,Category:E-BODY女優,female
4,2266030,2261128,Category:イエロー女優,female
4,2383618,2261128,Category:イフリート女優,female
4,2257678,2261128,Category:宇宙企画女優,female
4,5170347,2261128,Category:HMN WORKS女優,female
4,2255794,2261128,Category:H.m.p女優,female
4,2265971,2261128,Category:映天女優,female
4,2299232,2261128,Category:S級素人女優,female
4,5141786,2261128,Category:S-Cute女優,female
4,1722395,2261128,Category:S1女優,female
4,2266120,2261128,Category:エッジ女優,female
4,2265961,2261128,Category:エッチアールシー女優,female
4,2265935,2261128,Category:FAプロ女優,female
4,2258995,2261128,Category:エムズビデオグループ女優,female
4,2265972,2261128,Category:OPPAI女優,female
4,2383615,2261128,Category:オーティス女優,female
4,2266023,2261128,Category:オフィスケイズ女優,female
4,2266107,2261128,Category:オブテイン・フューチャー女優,female
4,2258974,2261128,Category:オーロラプロジェクト女優,female
4,2265945,2261128,Category:笠倉出版社女優,female
4,2387911,2261128,Category:GAS女優,female
4,2266114,2261128,Category:ガッツ女優,female
4,2266021,2261128,Category:カルマ女優,female
4,2086521,3511934,Category:OSK日本歌劇団出身の人物,female
4,1884189,3511934,Category:OSK日本歌劇団団員,female
4,2088169,3511934,Category:松竹歌劇団出身の人物,female
4,2497755,3511934,Category:宝塚歌劇団生徒,female
4,916669,3511934,Category:宝塚歌劇団卒業生,female
4,2259040,2261128,Category:Kawaii*女優,female
4,2266111,2261128,Category:GIGA女優,female
4,3187602,2261128,Category:GARCON女優,female
4,2266096,2261128,Category:Kira☆kira女優,female
4,2266109,2261128,Category:麒麟堂女優,female
4,2258393,2261128,Category:KUKI女優,female
4,2257679,2261128,Category:クリスタル映像女優,female
4,2266094,2261128,Category:グレイズ女優,female
4,2266108,2261128,Category:CROSS女優,female
4,2265960,2261128,Category:グローリークエスト女優,female
4,2265119,2261128,Category:ケイ・エム・プロデュース女優,female
4,2266110,2261128,Category:激弾カーニバル女優,female
4,2266217,2261128,Category:幻奇女優,female
4,2266660,2261128,Category:光夜蝶女優,female
4,2265943,2261128,Category:ゴーゴーズ女優,female
4,2267255,2261128,Category:小林興業女優,female
4,2278843,2261128,Category:ゴリラプロジェクト女優,female
4,3244519,2261128,Category:サディスティックヴィレッジ女優,female
4,2266022,2261128,Category:実録出版女優,female
4,2265889,2261128,Category:シネマジック女優,female
4,2314895,2261128,Category:しのだプロジェクト女優,female
4,2266593,2261128,Category:シャイ企画女優,female
4,2266034,2261128,Category:ジャネス女優,female
4,2285698,2261128,Category:スタイルアート女優,female
4,2266044,2261128,Category:スターパラダイス女優,female
4,4454240,2261128,Category:エイチエス映像女優,female
4,2331527,2261128,Category:スティルワークス女優,female
4,4454250,2261128,Category:プールクラブ・エンタテインメント女優,female
4,2322139,2261128,Category:ステージメディア女優,female
4,2266026,2261128,Category:スパークビジョン女優,female
4,5141788,2261128,Category:セレブの友女優,female
4,2269928,2261128,Category:センタービレッジ女優,female
4,1830131,2261128,Category:SOD女優,female
4,2289190,2261128,Category:ダイヤモンド映像女優,female
4,2266112,2261128,Category:大洋図書女優,female
4,2265962,2261128,Category:タカラ映像女優,female
4,2444349,2261128,Category:ダスッ!女優,female
4,2266187,2261128,Category:溜池ゴロー女優,female
4,5141198,2261128,Category:痴女ヘブン女優,female
4,2266075,2261128,Category:チーム川崎女優,female
4,2265927,2261128,Category:TMA女優,female
4,2266216,2261128,Category:TMクリエイト女優,female
4,2265963,2261128,Category:ディープス女優,female
4,2266213,2261128,Category:デジタルアーク女優,female
4,2266043,2261128,Category:東京音光女優,female
4,2266048,2261128,Category:ドグマ女優,female
4,2265910,2261128,Category:トライハート女優,female
4,3768769,2261128,Category:トラウマアート女優,female
4,2266028,2261128,Category:ドリームクリエイト女優,female
4,2265884,2261128,Category:ドリームチケット女優,female
4,2285696,2261128,Category:ながえスタイル女優,female
4,2266113,2261128,Category:中嶋興業女優,female
4,2266074,2261128,Category:ナチュラルハイ女優,female
4,2285707,2261128,Category:なでしこ女優,female
4,5146564,2261128,Category:ナンパJAPAN女優,female
4,2266035,2261128,Category:ネクスト女優,female
4,2278833,2261128,Category:はじめ企画女優,female
4,2391716,2261128,Category:ハマジム女優,female
4,2258968,2261128,Category:隼エージェンシー女優,female
4,3095723,2261128,Category:BeFree女優,female
4,2299233,2261128,Category:ピーターズ女優,female
4,2265931,2261128,Category:ビッグモーカル女優,female
4,2266339,2261128,Category:VIP女優,female
4,5113663,2261128,Category:ビビアン女優,female
4,2287390,2261128,Category:ヒビノ女優,female
4,2266032,2261128,Category:P☆MAX女優,female
4,2258532,2261128,Category:百花美人女優,female
4,4308899,2261128,Category:FALENO専属女優,female
4,5140800,2261128,Category:Fitch女優,female
4,2265974,2261128,Category:V&R女優,female
4,3768755,2261128,Category:プラネットプラス女優,female
4,2266064,2261128,Category:BRAVO女優,female
4,2266024,2261128,Category:フリーダム女優,female
4,2266066,2261128,Category:ブリット女優,female
4,2266598,2261128,Category:フリービジョン女優,female
4,2255722,2261128,Category:プレステージ女優,female
4,2266025,2261128,Category:プレミアム女優,female
4,3063184,2261128,Category:変態紳士倶楽部女優,female
4,2265946,2261128,Category:ホットエンターテイメント女優,female
4,4262182,2261128,Category:本中女優,female
4,2255667,2261128,Category:マキシング女優,female
4,2255632,2261128,Category:マックス・エー女優,female
4,5146116,2261128,Category:Materiall女優,female
4,2266047,2261128,Category:マドンナ女優,female
4,5145181,2261128,Category:MARRION女優,female
4,2258971,2261128,Category:マルクス兄弟,female
4,2265966,2261128,Category:ミスター・インパクト女優,female
4,2266031,2261128,Category:未来・フューチャー女優,female
4,5120799,2261128,Category:Million専属女優,female
4,2265967,2261128,Category:みるきぃぷりん♪女優,female
4,5140785,2261128,Category:無垢女優,female
4,2255629,2261128,Category:MOODYZ女優,female
4,1726772,2261128,Category:MUTEKI,female
4,2266098,2261128,Category:明和プランニング女優,female
4,2266067,2261128,Category:メディアアーツ女優,female
4,2265970,2261128,Category:妄想族女優,female
4,2278060,2261128,Category:モブスターズ女優,female
4,2265909,2261128,Category:桃太郎映像女優,female
4,3768768,2261128,Category:ヤプーズマーケット女優,female
4,2265930,2261128,Category:U&K女優,female
4,2266092,2261128,Category:ユープランニング女優,female
4,2266029,2261128,Category:ラハイナ東海女優,female
4,2383624,2261128,Category:ROOKIE女優,female
4,2258993,2261128,Category:レアル・ワークス女優,female
4,2266042,2261128,Category:レイディックス女優,female
4,2278844,2261128,Category:LEO女優,female
4,2266088,2261128,Category:レックオーバー女優,female
4,5143560,2261128,Category:ROYAL女優,female
4,2266055,2261128,Category:ロイヤルアート女優,female
4,3033138,2261128,Category:ROCKET女優,female
4,2266115,2261128,Category:LOTUS女優,female
4,2261933,2261128,Category:ワープエンタテインメント女優,female
4,2265882,2261128,Category:ワンズファクトリー女優,female
2,4504111,4282014,Category:20世紀日本の女性実業家,female
2,4504108,4282014,Category:21世紀日本の女性実業家,female
5,4008962,916669,Category:宝塚歌劇団殿堂表彰者,female
5,4290572,916669,Category:宝塚歌劇団の生徒別のトピックス,female
5,2801569,2497755,Category:宝塚歌劇団生徒・期別一覧,female
5,4834772,2086521,Category:笠置シヅ子,female
5,4674221,2086521,Category:京マチ子,female
5,4669689,1722395,Category:架乃ゆら,female
2,3492502,3473877,Category:自衛隊の女性将官,female
6,1795981,2801569,Category:宝塚歌劇団1期生,female
6,1795982,2801569,Category:宝塚歌劇団2期生,female
6,1795984,2801569,Category:宝塚歌劇団3期生,female
6,1795986,2801569,Category:宝塚歌劇団4期生,female
6,1795988,2801569,Category:宝塚歌劇団5期生,female
6,1795990,2801569,Category:宝塚歌劇団6期生,female
6,2999086,2801569,Category:宝塚歌劇団7・8期生,female
6,1795991,2801569,Category:宝塚歌劇団7期生,female
6,1795993,2801569,Category:宝塚歌劇団8期生,female
6,1795994,2801569,Category:宝塚歌劇団9期生,female
6,1795995,2801569,Category:宝塚歌劇団10期生,female
6,1795996,2801569,Category:宝塚歌劇団11期生,female
6,1795997,2801569,Category:宝塚歌劇団12期生,female
6,1796000,2801569,Category:宝塚歌劇団13期生,female
6,1796001,2801569,Category:宝塚歌劇団14期生,female
6,1796003,2801569,Category:宝塚歌劇団15期生,female
6,1796006,2801569,Category:宝塚歌劇団16期生,female
6,1796007,2801569,Category:宝塚歌劇団17期生,female
6,1796009,2801569,Category:宝塚歌劇団18期生,female
6,1796011,2801569,Category:宝塚歌劇団19期生,female
6,1796013,2801569,Category:宝塚歌劇団20期生,female
6,1796015,2801569,Category:宝塚歌劇団21期生,female
6,1796017,2801569,Category:宝塚歌劇団22期生,female
6,1796018,2801569,Category:宝塚歌劇団23期生,female
6,1796019,2801569,Category:宝塚歌劇団24期生,female
6,1796020,2801569,Category:宝塚歌劇団25期生,female
6,1796021,2801569,Category:宝塚歌劇団26期生,female
6,1796022,2801569,Category:宝塚歌劇団27期生,female
6,1796023,2801569,Category:宝塚歌劇団28期生,female
6,1796024,2801569,Category:宝塚歌劇団29期生,female
6,1796025,2801569,Category:宝塚歌劇団30期生,female
6,1796027,2801569,Category:宝塚歌劇団31期生,female
6,1796029,2801569,Category:宝塚歌劇団32期生,female
6,1796031,2801569,Category:宝塚歌劇団33期生,female
6,1796033,2801569,Category:宝塚歌劇団34期生,female
6,1796034,2801569,Category:宝塚歌劇団35期生,female
6,1796036,2801569,Category:宝塚歌劇団36期生,female
6,1796037,2801569,Category:宝塚歌劇団37期生,female
6,1796039,2801569,Category:宝塚歌劇団38期生,female
6,1796040,2801569,Category:宝塚歌劇団39期生,female
6,1796041,2801569,Category:宝塚歌劇団40期生,female
6,1796043,2801569,Category:宝塚歌劇団41期生,female
6,1796044,2801569,Category:宝塚歌劇団42期生,female
6,1796047,2801569,Category:宝塚歌劇団43期生,female
6,1796048,2801569,Category:宝塚歌劇団44期生,female
6,1796050,2801569,Category:宝塚歌劇団45期生,female
6,1796054,2801569,Category:宝塚歌劇団46期生,female
6,1796057,2801569,Category:宝塚歌劇団47期生,female
6,1796060,2801569,Category:宝塚歌劇団48期生,female
6,1796061,2801569,Category:宝塚歌劇団49期生,female
6,4331512,4290572,Category:愛華みれ,female
6,4024984,4290572,Category:朝丘雪路,female
6,4324128,4290572,Category:麻路さき,female
6,4005208,4290572,Category:麻実れい,female
6,4028083,4290572,Category:明日海りお,female
6,4011221,4290572,Category:天津乙女,female
6,3993459,4290572,Category:天海祐希,female
6,4316789,4290572,Category:安寿ミラ,female
6,4319172,4290572,Category:安奈淳,female
6,4004358,4290572,Category:一路真輝,female
6,4308108,4290572,Category:凰稀かなめ,female
6,4171619,4290572,Category:大浦みずき,female
6,4502285,4290572,Category:扇千景,female
6,4011215,4290572,Category:鳳蘭,female
6,3993471,4290572,Category:春日野八千代,female
6,4445137,4290572,Category:紅ゆずる,female
6,4450243,4290572,Category:黒木瞳,female
6,4142980,4290572,Category:香寿たつき,female
6,4022876,4290572,Category:越路吹雪,female
6,4024074,4290572,Category:小柳ルミ子,female
6,4307553,4290572,Category:紫苑ゆう,female
6,4207212,4290572,Category:紫吹淳,female
6,4357100,4290572,Category:純名里沙,female
6,4016764,4290572,Category:涼風真世,female
6,4601214,4290572,Category:寿美花代,female
6,4017042,4290572,Category:大地真央,female
6,4307569,4290572,Category:高汐巴,female
6,4114011,4290572,Category:珠城りょう,female
6,4142987,4290572,Category:檀れい,female
6,4125961,4290572,Category:剣幸,female
6,4024672,4290572,Category:轟悠,female
6,4016903,4290572,Category:花總まり,female
6,4445991,4290572,Category:遥くらら,female
6,4155092,4290572,Category:榛名由梨,female
6,4307945,4290572,Category:春野寿美礼,female
6,4307556,4290572,Category:日向薫,female
6,4059172,4290572,Category:真風涼帆,female
6,4018833,4290572,Category:真琴つばさ,female
6,4014177,4290572,Category:松本悠里,female
6,4307104,4290572,Category:真帆志ぶき,female
6,4014208,4290572,Category:真矢ミキ,female
6,4202386,4290572,Category:汀夏子,female
6,4307098,4290572,Category:峰さを理,female
6,4432312,4290572,Category:稔幸,female
6,4323710,4290572,Category:杜けあき,female
6,4026303,4290572,Category:八千草薫,female
6,4748263,4290572,Category:柚香光,female
6,4190208,4290572,Category:柚希礼音,female
6,4942000,4290572,Category:礼真琴,female
6,1796063,2801569,Category:宝塚歌劇団50期生,female
6,1796064,2801569,Category:宝塚歌劇団51期生,female
6,1796066,2801569,Category:宝塚歌劇団52期生,female
6,1796067,2801569,Category:宝塚歌劇団53期生,female
6,1796073,2801569,Category:宝塚歌劇団54期生,female
6,1796075,2801569,Category:宝塚歌劇団55期生,female
6,1796076,2801569,Category:宝塚歌劇団56期生,female
6,1796079,2801569,Category:宝塚歌劇団57期生,female
6,1796080,2801569,Category:宝塚歌劇団58期生,female
6,1796081,2801569,Category:宝塚歌劇団59期生,female
6,1796082,2801569,Category:宝塚歌劇団60期生,female
6,1796084,2801569,Category:宝塚歌劇団61期生,female
6,1796085,2801569,Category:宝塚歌劇団62期生,female
6,1796086,2801569,Category:宝塚歌劇団63期生,female
6,1796088,2801569,Category:宝塚歌劇団64期生,female
6,1796089,2801569,Category:宝塚歌劇団65期生,female
6,1796091,2801569,Category:宝塚歌劇団66期生,female
6,1796095,2801569,Category:宝塚歌劇団67期生,female
6,1796096,2801569,Category:宝塚歌劇団68期生,female
6,1796099,2801569,Category:宝塚歌劇団69期生,female
6,1796101,2801569,Category:宝塚歌劇団70期生,female
6,1796102,2801569,Category:宝塚歌劇団71期生,female
6,1796103,2801569,Category:宝塚歌劇団72期生,female
6,1796104,2801569,Category:宝塚歌劇団73期生,female
6,1796105,2801569,Category:宝塚歌劇団74期生,female
6,1796106,2801569,Category:宝塚歌劇団75期生,female
6,1796108,2801569,Category:宝塚歌劇団76期生,female
6,1796109,2801569,Category:宝塚歌劇団77期生,female
6,1796110,2801569,Category:宝塚歌劇団78期生,female
6,1796112,2801569,Category:宝塚歌劇団79期生,female
6,1796115,2801569,Category:宝塚歌劇団80期生,female
6,1796116,2801569,Category:宝塚歌劇団81期生,female
6,1789420,2801569,Category:宝塚歌劇団82期生,female
6,1793289,2801569,Category:宝塚歌劇団83期生,female
6,1793298,2801569,Category:宝塚歌劇団84期生,female
6,1789479,2801569,Category:宝塚歌劇団85期生,female
6,1789484,2801569,Category:宝塚歌劇団86期生,female
6,1793422,2801569,Category:宝塚歌劇団87期生,female
6,1795667,2801569,Category:宝塚歌劇団88期生,female
6,1796118,2801569,Category:宝塚歌劇団89期生,female
6,1796120,2801569,Category:宝塚歌劇団90期生,female
6,1796122,2801569,Category:宝塚歌劇団91期生,female
6,1796123,2801569,Category:宝塚歌劇団92期生,female
6,1796124,2801569,Category:宝塚歌劇団93期生,female
6,1796127,2801569,Category:宝塚歌劇団94期生,female
6,1796129,2801569,Category:宝塚歌劇団95期生,female
6,2021971,2801569,Category:宝塚歌劇団96期生,female
6,2344624,2801569,Category:宝塚歌劇団97期生,female
6,2562536,2801569,Category:宝塚歌劇団98期生,female
6,2801593,2801569,Category:宝塚歌劇団99期生,female
6,2981114,2801569,Category:宝塚歌劇団100期生,female
6,3209661,2801569,Category:宝塚歌劇団101期生,female
6,3535875,2801569,Category:宝塚歌劇団102期生,female
6,3589426,2801569,Category:宝塚歌劇団103期生,female
6,3997128,2801569,Category:宝塚歌劇団104期生,female
6,4000494,2801569,Category:宝塚歌劇団105期生,female
6,4221233,2801569,Category:宝塚歌劇団106期生,female
6,4392969,2801569,Category:宝塚歌劇団107期生,female
6,4583003,2801569,Category:宝塚歌劇団108期生,female
6,4775101,2801569,Category:宝塚歌劇団109期生,female
6,4922284,2801569,Category:宝塚歌劇団110期生,female
6,5080170,2801569,Category:宝塚歌劇団111期生,female
2,3825181,3572748,Category:日本の女性芸術家,female
2,3510628,3572748,Category:日本の女性作曲家,female
2,3227111,3572734,Category:日本の女性お笑いコンビ,female
2,2341603,3572734,Category:上沼恵美子,female
2,2627681,3572734,Category:久本雅美,female
2,2648519,3572734,Category:松嶋尚美,female
2,2600387,3572734,Category:山田邦子,female
2,4450455,2832939,Category:伝統技芸保持者,female
2,3550632,2832939,Category:芸者歌手,female
2,2030118,2832939,Category:妓生,female
2,4362345,4054309,Category:日本の女性教育者 (世紀別),female
2,4381831,4054309,Category:日本の女性音楽教育者,female
2,4389435,4054309,Category:日本の女性言語教育者,female
2,5115441,4219282,Category:19世紀日本の女性活動家,female
2,5115443,4219282,Category:20世紀日本の女性活動家,female
2,5120467,4219282,Category:21世紀日本の女性活動家,female
2,1928532,4219282,Category:愛国婦人会の人物,female
2,4000379,4219282,Category:女性の権利活動家 (日本),female
2,4219349,4219282,Category:日本の女性労働運動家,female
3,3084540,751251,Category:日本の女子アマチュアボクシング選手,female
3,2427695,2331549,Category:名古屋市立大学,female
3,2389803,2331549,Category:過去の保健師助産師看護師養成所,female
3,2657799,2331549,Category:保健師助産師看護師養成所 (大学),female
3,1587594,2331549,Category:慶應義塾大学,female
3,2657785,2331549,Category:保健師助産師看護師養成所 (短期大学),female
3,3510624,3510628,Category:日本の女性シンガーソングライター,female
3,3980683,3825181,Category:日本の女性芸術家 (世紀別),female
3,3844392,3825181,Category:日本の女性アニメーター,female
3,3844418,3825181,Category:日本の女性イラストレーター,female
3,3572739,3825181,Category:日本の女性映画監督,female
3,3807755,3825181,Category:日本の女性画家,female
3,3991200,3825181,Category:日本の女性グラフィックデザイナー,female
3,3824639,3825181,Category:日本の女性建築家,female
3,3825187,3825181,Category:日本の女性写真家,female
3,4006623,3825181,Category:女性造形作家,female
3,3513465,3825181,Category:日本の女性ダンサー,female
3,3980133,3825181,Category:日本の女性彫刻家,female
3,3947310,3825181,Category:日本の女性陶芸家,female
3,3988396,3825181,Category:日本の女性版画家,female
3,787475,2600387,Category:ひょうきん族,female
3,894283,2627681,Category:あいのり,female
3,4009368,2627681,Category:恋するハニカミ!,female
3,4361815,4362345,Category:19世紀日本の女性教育者,female
3,4361833,4362345,Category:20世紀日本の女性教育者,female
3,4361850,4362345,Category:21世紀日本の女性教育者,female
4,2658032,2657785,Category:過去の保健師助産師看護師養成所 (短期大学),female
4,4451953,1587594,Category:慶應義塾大学の建築物,female
4,1995502,1587594,Category:慶應義塾大学の人物,female
4,3810282,1587594,Category:慶應義塾大学大学院,female
4,4171549,1587594,Category:慶應義塾大学の歴史,female
4,4690860,1587594,Category:慶應義塾體育會蹴球部,female
4,3011370,2427695,Category:名古屋市立大学の人物,female
4,4482029,3513465,Category:19世紀日本の女性ダンサー,female
4,4482030,3513465,Category:20世紀日本の女性ダンサー,female
4,5083291,3513465,Category:21世紀日本の女性ダンサー,female
4,3584449,3513465,Category:日本のバレリーナ,female
4,4483429,4361833,Category:津田梅子,female
4,4643272,4361833,Category:広岡浅子,female
4,2276095,4361833,Category:与謝野晶子,female
5,2503724,4690860,Category:慶應義塾體育會蹴球部の選手,female
5,2271027,4171549,Category:慶應義塾,female
5,2009689,3011370,Category:名古屋市立大学の教員,female
5,3004951,3011370,Category:名古屋市立大学出身の人物,female
5,2073521,1995502,Category:慶應義塾の人物,female
5,1995478,1995502,Category:慶應義塾大学の教員,female
5,2490140,1995502,Category:慶應義塾大学の研究所別の人物,female
5,3479299,1995502,Category:慶應義塾長,female
5,2794855,1995502,Category:慶應義塾大学出身の人物,female
4,3980438,3825187,Category:20世紀日本の女性写真家,female
4,3980439,3825187,Category:21世紀日本の女性写真家,female
4,4319520,3807755,Category:日本の女性画家 (世紀別),female
6,3092520,3004951,Category:名古屋市立女子短期大学出身の人物,female
6,4388843,3004951,Category:名古屋市立保育短期大学出身の人物,female
6,2183126,2794855,Category:慶應義塾大学経営管理研究科の人物,female
6,4449894,2794855,Category:慶應義塾体育会ソッカー部の選手,female
6,5130942,2794855,Category:慶應義塾體育會競走部の選手,female
6,4164137,2794855,Category:博士（政策・メディア）取得者,female
6,3229166,2794855,Category:ミス慶應,female
6,300664,2794855,Category:慶應義塾大学野球部の選手,female
6,4687055,2794855,Category:共立薬科大学出身の人物,female
6,2530292,2490140,Category:慶應義塾大学アート・センターの人物,female
6,2183166,2490140,Category:慶應義塾大学SFC研究所の人物,female
6,3352294,2490140,Category:慶應義塾大学経済研究所の人物,female
6,2455970,2490140,Category:慶應義塾大学言語文化研究所の人物,female
6,2183236,2490140,Category:慶應義塾大学産業研究所の人物,female
6,2183143,2490140,Category:慶應義塾大学先端生命科学研究所の人物,female
6,4217002,2490140,Category:慶應義塾大学総合医科学研究センターの人物,female
6,2190841,2490140,Category:メディアコミュニケーション研究所の人物,female
6,2073506,1995478,Category:慶應義塾の教員,female
5,4319528,4319520,Category:17世紀日本の女性画家,female
5,4319515,4319520,Category:18世紀日本の女性画家,female
5,4317400,4319520,Category:19世紀日本の女性画家,female
5,4157315,4319520,Category:20世紀日本の女性画家,female
5,4157316,4319520,Category:21世紀日本の女性画家,female
6,2073671,2073521,Category:慶應義塾の塾生,female
4,4130944,3844418,Category:永田萌,female
4,3930211,3980683,Category:17世紀日本の女性芸術家,female
4,3930210,3980683,Category:18世紀日本の女性芸術家,female
4,3930202,3980683,Category:19世紀日本の女性芸術家,female
4,3930203,3980683,Category:20世紀日本の女性芸術家,female
4,3930206,3980683,Category:21世紀日本の女性芸術家,female
3,4000377,4000379,Category:日本の女性参政権活動家,female
3,2648513,3227111,Category:オセロ (お笑いコンビ),female
7,4456077,4450243,Category:黒木瞳の監督映画,female
3,2544666,741915,Category:日本の女子プロレスラーのユニット,female
3,4241644,741915,Category:神取忍,female
3,4001844,741915,Category:ジャッキー佐藤,female
3,3364878,741915,Category:長与千種,female
3,1345117,1908604,Category:日本女子代表バレーボール選手,female
3,2466006,1908604,Category:ユニバーシアードバレーボール女子日本代表選手,female
3,4421511,1396289,Category:3x3バスケットボール女子日本代表選手,female
3,2623506,1396289,Category:バスケットボール女子日本代表選手,female
4,3364899,3364878,Category:Marvelous,female
4,4730963,2544666,Category:スターダムのユニット,female
4,2675939,2544666,Category:全日本女子プロレスのユニット,female
4,5158095,2544666,Category:東京女子プロレスのユニット,female
4,3828255,2623506,Category:FIBA女子バスケットボール・ワールドカップ日本代表選手,female
3,3675248,3084630,Category:浅田真央,female
3,2560459,1406663,Category:女子競輪選手,female
5,5000721,3364899,Category:Marvelousに所属するプロレスラー,female
5,5000725,3364899,Category:Marvelousに所属したプロレスラー,female
5,5000727,3364899,Category:Marvelousの王座,female
3,2819582,177858,Category:サッカー日本女子代表選手,female
3,4730559,177858,Category:在外日本人の女子サッカー選手,female
3,2603096,1965825,Category:日本の女子プロゴルファー,female
3,4348293,3853400,Category:池江璃花子,female
4,2945245,2560459,Category:ガールズケイリンの競走,female
4,3721866,2819582,Category:FIFA女子ワールドカップ日本代表選手,female
3,4362459,4362394,Category:日本の女性翻訳家 (世紀別),female
4,4362452,4362459,Category:19世紀日本の女性翻訳家,female
4,4362407,4362459,Category:20世紀日本の女性翻訳家,female
4,4362408,4362459,Category:21世紀日本の女性翻訳家,female
3,2906533,2560289,Category:アイスホッケー女子日本代表選手,female
4,3701807,2603096,Category:プロテスト合格年度別の女子プロゴルファー,female
3,4026427,3719610,Category:日本の女性市町村長,female
3,3835406,3719610,Category:東京都の女性特別区長,female
3,3243353,3719610,Category:女性都道府県知事,female
3,3243350,3243922,Category:日本の女性国会議員,female
3,3243923,3243922,Category:日本の女性地方議会議員,female
3,3834930,3243922,Category:女性衆議院議員 (帝国議会),female
3,307801,197692,Category:お菓子系アイドル,female
3,246635,197692,Category:キャンペーンガール,female
3,1364253,197692,Category:全国女子高生制服コレクション,female
3,1270221,197692,Category:テレ朝エンジェルアイ,female
3,1270191,197692,Category:日テレジェニック,female
3,1561379,197692,Category:Newnew,female
3,677000,197692,Category:ファイブスターガール,female
3,1270352,197692,Category:フジテレビビジュアルクイーン,female
3,4332483,197692,Category:ミス東スポ,female
3,1408602,197692,Category:ミスFLASH,female
3,669284,197692,Category:ミスマガジン,female
3,687920,197692,Category:ミニスカポリス,female
3,3922394,4319833,Category:日本の女性随筆家,female
3,4371368,4319833,Category:19世紀日本の女性ノンフィクション作家,female
3,4371356,4319833,Category:20世紀日本の女性ノンフィクション作家,female
3,4371357,4319833,Category:21世紀日本の女性ノンフィクション作家,female
3,4362717,3572743,Category:日本の女性推理作家,female
3,1476814,3572743,Category:有川ひろ,female
3,1231205,3572743,Category:有吉佐和子,female
3,3697015,3572743,Category:江國香織,female
3,4837201,3572743,Category:円地文子,female
3,3919208,3572743,Category:小川洋子,female
3,2598695,3572743,Category:桐野夏生,female
3,1119925,3572743,Category:栗本薫,female
3,4516353,3572743,Category:幸田文,female
3,3526110,3572743,Category:壺井栄,female
3,1779502,3572743,Category:樋口一葉,female
3,2271854,3572743,Category:氷室冴子,female
3,2713215,3572743,Category:湊かなえ,female
3,1537114,3572743,Category:向田邦子,female
3,1834474,3572743,Category:本谷有希子,female
3,4407147,3572743,Category:山田詠美,female
3,5024614,3572743,Category:柚木麻子,female
3,2271831,3572743,Category:吉屋信子,female
3,2349246,4006331,Category:あさのあつこ,female
3,4007846,4006331,Category:荻原規子,female
3,3954340,4006331,Category:朽木祥,female
3,4245969,4006331,Category:中川李枝子,female
3,4242267,4006331,Category:松谷みよ子,female
3,3864985,4006331,Category:森絵都,female
5,4370903,3701807,Category:1967年LPGAプロテスト合格者,female
5,3701822,3701807,Category:1971年LPGAプロテスト合格者,female
5,4023550,3701807,Category:1972年LPGAプロテスト合格者,female
5,3701818,3701807,Category:1973年LPGAプロテスト合格者,female
5,3702002,3701807,Category:1974年LPGAプロテスト合格者,female
5,4023548,3701807,Category:1975年LPGAプロテスト合格者,female
5,4023840,3701807,Category:1976年LPGAプロテスト合格者,female
5,3701815,3701807,Category:1979年LPGAプロテスト合格者,female
5,4023828,3701807,Category:1981年LPGAプロテスト合格者,female
5,4023836,3701807,Category:1982年LPGAプロテスト合格者,female
5,4024784,3701807,Category:1983年LPGAプロテスト合格者,female
5,3701809,3701807,Category:1984年LPGAプロテスト合格者,female
5,4023623,3701807,Category:1985年LPGAプロテスト合格者,female
5,3702039,3701807,Category:1987年LPGAプロテスト合格者,female
5,4023588,3701807,Category:1988年LPGAプロテスト合格者,female
5,4023591,3701807,Category:1989年LPGAプロテスト合格者,female
5,4023549,3701807,Category:1990年LPGAプロテスト合格者,female
5,4023615,3701807,Category:1991年LPGAプロテスト合格者,female
5,4023557,3701807,Category:1992年LPGAプロテスト合格者,female
5,3701824,3701807,Category:1994年LPGAプロテスト合格者,female
5,4023555,3701807,Category:1995年LPGAプロテスト合格者,female
5,3701812,3701807,Category:1996年LPGAプロテスト合格者,female
5,3701823,3701807,Category:1998年LPGAプロテスト合格者,female
5,4023596,3701807,Category:1999年LPGAプロテスト合格者,female
5,3701825,3701807,Category:2000年LPGAプロテスト合格者,female
5,3702038,3701807,Category:2001年LPGAプロテスト合格者,female
5,3701826,3701807,Category:2002年LPGAプロテスト合格者,female
5,3702024,3701807,Category:2003年LPGAプロテスト合格者,female
5,3701820,3701807,Category:2004年LPGAプロテスト合格者,female
5,3701814,3701807,Category:2005年LPGAプロテスト合格者,female
5,3701813,3701807,Category:2006年LPGAプロテスト合格者,female
5,3701808,3701807,Category:2007年LPGAプロテスト合格者,female
5,3701810,3701807,Category:2008年LPGAプロテスト合格者,female
5,3701821,3701807,Category:2009年LPGAプロテスト合格者,female
5,3702015,3701807,Category:2010年LPGAプロテスト合格者,female
5,3701806,3701807,Category:2011年LPGAプロテスト合格者,female
5,3702016,3701807,Category:2012年LPGAプロテスト合格者,female
5,3702017,3701807,Category:2013年LPGAプロテスト合格者,female
5,3702004,3701807,Category:2014年LPGAプロテスト合格者,female
5,3702019,3701807,Category:2015年LPGAプロテスト合格者,female
5,3873750,3701807,Category:2016年LPGAプロテスト合格者,female
5,3702021,3701807,Category:2017年LPGAプロテスト合格者,female
5,3941651,3701807,Category:2018年LPGAプロテスト合格者,female
5,4030909,3701807,Category:2019年LPGAプロテスト合格者,female
5,4531995,3701807,Category:2020年LPGAプロテスト合格者,female
5,4686035,3701807,Category:2021年LPGAプロテスト合格者,female
5,5011815,3701807,Category:2022年LPGAプロテスト合格者,female
5,5011816,3701807,Category:2023年LPGAプロテスト合格者,female
5,5011817,3701807,Category:2024年LPGAプロテスト合格者,female
5,3702010,3701807,Category:プロテスト合格を経ていないJLPGA会員,female
3,3838743,3838583,Category:日本の女性歌人,female
3,3929654,3838583,Category:日本の女性漢詩人,female
3,4485441,3838583,Category:知里幸恵,female
3,3838924,3838583,Category:日本の女性俳人,female
4,3243352,3243350,Category:女性参議院議員,female
4,3243351,3243350,Category:女性衆議院議員,female
4,4371898,4371357,Category:21世紀日本の女性随筆家,female
4,4371360,4371357,Category:21世紀日本の女性歴史家,female
4,4371897,4371356,Category:20世紀日本の女性随筆家,female
4,4371359,4371356,Category:20世紀日本の女性歴史家,female
4,4475605,4371356,Category:宮本百合子,female
4,4503051,3838743,Category:阿仏尼,female
4,4495205,3838743,Category:和泉式部,female
4,4340897,3838743,Category:小野小町,female
4,4637902,3838743,Category:式子内親王,female
4,4590251,3838743,Category:俵万智,female
5,4049971,4450896,Category:あの道この道,female
5,4386555,4371897,Category:阿川佐和子,female
5,2043239,4371897,Category:内館牧子,female
4,4790666,1476814,Category:コロボックル物語,female
4,3617127,4362717,Category:小野不由美,female
4,2073219,4362717,Category:桜庭一樹,female
4,3703022,4362717,Category:高村薫,female
4,2229565,4362717,Category:夏樹静子,female
4,1877549,4362717,Category:宮部みゆき,female
4,2073333,4362717,Category:山村美紗,female
4,5017102,4362717,Category:柚月裕子,female
4,4378871,4371368,Category:19世紀日本の女性随筆家,female
5,4997467,3952304,Category:二十四の瞳,female
5,1785805,1807954,Category:グイン・サーガ,female
5,1430792,3617127,Category:十二国記,female
5,3786106,4790664,Category:図書館戦争,female
3,4480801,4483925,Category:6世紀日本の尼僧,female
3,4480878,4483925,Category:7世紀日本の尼僧,female
3,4480809,4483925,Category:8世紀日本の尼僧,female
3,4480884,4483925,Category:9世紀日本の尼僧,female
3,4480848,4483925,Category:10世紀日本の尼僧,female
3,4480818,4483925,Category:11世紀日本の尼僧,female
3,4480813,4483925,Category:12世紀日本の尼僧,female
3,4480814,4483925,Category:13世紀日本の尼僧,female
3,4480840,4483925,Category:14世紀日本の尼僧,female
3,4480952,4483925,Category:15世紀日本の尼僧,female
3,4480794,4483925,Category:16世紀日本の尼僧,female
3,4480785,4483925,Category:17世紀日本の尼僧,female
3,4480811,4483925,Category:18世紀日本の尼僧,female
3,4480802,4483925,Category:19世紀日本の尼僧,female
3,4480803,4483925,Category:20世紀日本の尼僧,female
3,4480828,4483925,Category:21世紀日本の尼僧,female
3,4727045,1174462,Category:コンピュータゲームの巫女キャラクター,female
3,532757,1486221,Category:ニコモ,female
3,682372,3795584,Category:ViViモデルズ,female
3,1862599,3795584,Category:CanCamモデルズ,female
3,682365,3795584,Category:CLASSYモデル,female
3,2148789,3795584,Category:小悪魔agehaモデル,female
3,682356,3795584,Category:JJモデル,female
3,533668,3795584,Category:セブンティーンのモデル,female
3,2953205,3795584,Category:Non-noのモデル,female
3,4927877,3795584,Category:BAILAのモデル,female
3,2218119,3795584,Category:ハナチューモデル,female
3,533675,3795584,Category:ピチモ,female
3,2059442,3795584,Category:Popteenモデル,female
3,738533,3795584,Category:ラブベリーナ,female
3,3793690,3795584,Category:LARMEモデル,female
3,3590805,3795584,Category:Rayの専属モデル,female
3,3527038,3526999,Category:アモスタイル・イメージガール,female
3,1270535,3526999,Category:三愛水着イメージガール,female
3,1139609,3526999,Category:旭化成せんいキャンペーンモデル,female
3,1139566,3526999,Category:東レキャンペーンガール,female
3,5110710,3965774,Category:ホロライブのバーチャルYouTuberグループ,female
3,4994281,3965774,Category:星街すいせい,female
4,3955348,246635,Category:かつて存在したキャンペーンガール,female
4,4371203,246635,Category:昭和シェル石油イメージパーソナリティ,female
4,1889942,246635,Category:スーパー耐久イメージガール,female
4,1270508,246635,Category:トリンプ・イメージガール,female
4,4600175,246635,Category:ユニチカアンバサダー,female
4,1270386,246635,Category:リハウスガール,female
4,504286,246635,Category:レースクイーン,female
4,4101903,2059442,Category:Popteen専属モデル,female
4,1789877,532757,Category:プチモ,female
3,4446886,4481657,Category:永井愛,female
3,4205132,4006334,Category:Cocco,female
3,3929659,3929672,Category:7世紀日本の女性著作家,female
3,3929658,3929672,Category:8世紀日本の女性著作家,female
3,3929439,3929672,Category:9世紀日本の女性著作家,female
3,3929438,3929672,Category:10世紀日本の女性著作家,female
3,3929442,3929672,Category:11世紀日本の女性著作家,female
3,3929450,3929672,Category:12世紀日本の女性著作家,female
3,3929451,3929672,Category:13世紀日本の女性著作家,female
3,3929427,3929672,Category:14世紀日本の女性著作家,female
3,4481929,3929672,Category:15世紀日本の女性著作家,female
3,3923006,3929672,Category:16世紀日本の女性著作家,female
3,3923005,3929672,Category:17世紀日本の女性著作家,female
3,3923002,3929672,Category:18世紀日本の女性著作家,female
3,3922011,3929672,Category:19世紀日本の女性著作家,female
3,3922006,3929672,Category:20世紀日本の女性著作家,female
3,3922007,3929672,Category:21世紀日本の女性著作家,female
3,4340937,2771837,Category:藤原薬子,female
3,4967795,2790825,Category:孝明天皇の後宮,female
5,4920995,504286,Category:レースクイーンのテンプレート,female
5,1331280,504286,Category:A-class,female
5,1343967,504286,Category:SUPER GTイメージガール,female
5,3891732,504286,Category:日本レースクイーン大賞受賞者,female
4,388377,3922007,Category:CLAMP,female
4,4036481,3922006,Category:柳原白蓮,female
5,2906587,388377,Category:CLAMP関連のテンプレート,female
5,2316314,388377,Category:カードキャプターさくら,female
5,798607,388377,Category:ツバサ-RESERVoir CHRoNiCLE-,female
5,2878681,388377,Category:魔法騎士レイアース,female
5,3010158,4036481,Category:花子とアン,female
5,1270468,3955348,Category:アサヒビールイメージガール,female
5,1270483,3955348,Category:カネボウスイムウエアイメージモデル,female
5,2115787,3955348,Category:キリンビールキャンペーンガール,female
5,1139628,3955348,Category:クラリオンガール,female
5,2115784,3955348,Category:サッポロビールイメージガール,female
5,2116632,3955348,Category:サントリービールキャンペーンガール,female
5,1270370,3955348,Category:JOMOイメージガール,female
5,1328376,3955348,Category:帝人キャンペーンガール,female
3,5088441,4812852,Category:ヰ世界情緒,female
3,5088440,4812852,Category:花譜,female
2,3503041,4370107,Category:日本の女性科学者,female
2,3832645,4370107,Category:日本の女性家政学者,female
2,4370106,4370107,Category:女性の漢学者,female
2,4722296,4370107,Category:日本の女性経営学者,female
2,3511477,4370107,Category:日本の女性経済学者,female
2,3865198,4370107,Category:日本の女性言語学者,female
2,4350034,4370107,Category:日本の女性考古学者,female
2,4498022,4370107,Category:日本の女性国際政治学者,female
2,4403401,4370107,Category:日本の女性社会学者,female
2,4322089,4370107,Category:日本の女性の人類学者,female
2,4497998,4370107,Category:日本の女性政治学者,female
2,3833229,4370107,Category:日本の女性哲学者,female
2,4722307,4370107,Category:日本の女性文化学者,female
2,3842367,4370107,Category:日本の女性保育学者,female
2,4491421,4370107,Category:日本の女性法学者,female
2,4369847,4370107,Category:日本の女性歴史学者,female
2,4349284,3614549,Category:日本の女性大使,female
2,3922718,3510778,Category:日本の女性音楽グループ,female
2,3510074,3510778,Category:日本の女性歌手,female
2,4395726,3510778,Category:日本の女性ドラマー,female
2,4325406,3510778,Category:日本の女性ピアニスト,female
2,4371002,3832674,Category:19世紀日本の女性医師,female
2,4371004,3832674,Category:20世紀日本の女性医師,female
2,4371006,3832674,Category:21世紀日本の女性医師,female
2,4370971,3832674,Category:日本の女性精神科医,female
2,3017155,4102361,Category:アキバ系アイドル,female
2,3854426,4102361,Category:日本の女性アイドルグループ,female
2,2535041,4102361,Category:お菓子系,female
2,912499,4102361,Category:過去のハロー!プロジェクト所属者,female
3,4722300,4369847,Category:日本の女性美術史家,female
3,3774161,912499,Category:安倍なつみ,female
3,3810642,912499,Category:飯田圭織,female
3,3770560,912499,Category:石川梨華,female
3,3853173,912499,Category:石黒彩,female
3,3810645,912499,Category:加護亜依,female
3,3770933,912499,Category:後藤真希,female
3,3779808,912499,Category:紺野あさ美,female
3,3770939,912499,Category:高橋愛,female
3,3810664,912499,Category:田中れいな,female
3,3774150,912499,Category:辻希美,female
3,3808965,912499,Category:藤本美貴,female
3,3818983,912499,Category:松浦亜弥,female
3,2507772,912499,Category:真野恵里菜,female
3,3810663,912499,Category:道重さゆみ,female
3,3770554,912499,Category:矢口真里,female
3,3850381,912499,Category:保田圭,female
3,3770552,912499,Category:吉澤ひとみ,female
3,843703,2535041,Category:お菓子系雑誌,female
3,4181766,3854426,Category:アミューズの女性アイドルグループ,female
3,5017937,3854426,Category:We-B studiosの女性アイドルグループ,female
3,5027368,3854426,Category:ヴィジュアル系の女性アイドルグループ,female
3,4169034,3854426,Category:AKB48系のポップ・グループ,female
3,5164016,3854426,Category:エイベックスの女性アイドルグループ,female
3,5064915,3854426,Category:KAWAII LAB.のアイドルグループ,female
3,5164021,3854426,Category:坂道シリーズの女性アイドルグループ,female
3,5164049,3854426,Category:STAR PLANETのアイドルグループ,female
3,4385808,3854426,Category:TWIN PLANETの女性アイドルグループ,female
3,4179642,3854426,Category:DreamBoat,female
3,4168471,3854426,Category:ハロー!プロジェクトのポップ・グループ,female
3,5064918,3854426,Category:HEROINESのアイドルグループ,female
3,4180555,3854426,Category:プラチナムの女性アイドルグループ,female
3,4136015,3854426,Category:FreeK-Laboratory,female
3,4181023,3854426,Category:ライジングの女性アイドルグループ,female
3,5083421,3854426,Category:LIVE PLANETのアイドルグループ,female
3,4229945,3854426,Category:レプロの女性アイドルグループ,female
3,5164030,3854426,Category:WACKの女性アイドルグループ,female
3,2337675,3017155,Category:AKB48グループ,female
3,3252804,3017155,Category:でんぱ組.inc,female
3,5009475,3017155,Category:虹のコンキスタドール,female
3,2065074,3510074,Category:日本のアルト歌手,female
3,4627935,3510074,Category:日本の女性歌手グループ,female
3,3512634,3510074,Category:日本の女性ジャズ歌手,female
3,1695676,3510074,Category:日本のソプラノ歌手,female
3,4006340,3510074,Category:日本の女性フォークシンガー,female
3,3534931,3510074,Category:日本の女性ヘヴィメタル歌手,female
3,3512606,3510074,Category:日本の女性ポップ歌手,female
3,2065082,3510074,Category:日本のメゾソプラノ歌手,female
3,3510613,3510074,Category:日本の女性ロック歌手,female
3,3510665,3922718,Category:日本のガール・グループ,female
3,4634445,3922718,Category:日本のガールズバンド,female
3,3986795,3922718,Category:チャラン・ポ・ランタン,female
4,1134025,3770554,Category:笑う犬シリーズ,female
4,4229568,5164030,Category:GANG PARADE,female
4,4229569,5164030,Category:PARADISES,female
4,4229561,5164030,Category:BiSH,female
4,5009476,5009475,Category:虹のコンキスタドールのメンバー,female
4,3098439,3252804,Category:でんぱ組.incのメンバー,female
4,566085,2337675,Category:AKB48,female
4,4865602,2337675,Category:AKB48 Team SH,female
4,4278294,2337675,Category:AKB48 Team TP,female
4,2576847,2337675,Category:HKT48,female
4,2883482,2337675,Category:JKT48,female
4,4937843,2337675,Category:KLP48,female
4,3268588,2337675,Category:NGT48,female
4,2208856,2337675,Category:NMB48,female
4,1840797,2337675,Category:SDN48,female
4,1538324,2337675,Category:SKE48,female
4,3531009,2337675,Category:SKK47,female
4,2883478,2337675,Category:SNH48,female
4,3563408,2337675,Category:STU48,female
4,2485253,2337675,Category:AKB48グループの劇場公演,female
4,3253703,2337675,Category:AKB48グループじゃんけん大会,female
4,3714309,2337675,Category:AKB48グループの所属者,female
4,3896039,2337675,Category:AKB48グループ関連の配信番組,female
4,3405038,2337675,Category:AKB48グループ関連の放送番組,female
4,2641958,2337675,Category:AKB48グループの派生ユニット,female
4,4561122,4634445,Category:SCANDAL,female
4,1165505,4634445,Category:チャットモンチー,female
4,662717,3510665,Category:ハロー!プロジェクトのユニット,female
4,4854487,3510665,Category:I☆Ris,female
4,3349971,3510665,Category:Aqours,female
4,5127263,3510665,Category:いきづらい部!,female
4,3928437,3510665,Category:仮面ライダーGIRLS,female
4,4853841,3510665,Category:SMILE PRINCESS,female
4,4223798,3510665,Category:Saint Snow,female
4,3843256,3510665,Category:虹ヶ咲学園スクールアイドル同好会,female
4,4734702,3510665,Category:蓮ノ空女学院スクールアイドルクラブ,female
4,5068579,3510665,Category:Harmoe,female
4,3213451,3510665,Category:Μ's,female
4,5161477,3510665,Category:ゆいかおり,female
4,4267785,3510665,Category:Liella!,female
5,4077900,2641958,Category:NO NAME (アイドルユニット),female
5,2667752,2641958,Category:フレンチ・キス,female
5,3988830,2641958,Category:渡り廊下走り隊7,female
5,3317292,3405038,Category:AKB48関連の放送番組,female
5,2900228,3405038,Category:マジすか学園,female
5,3896040,3896039,Category:AKB48関連の配信番組,female
5,4658489,3714309,Category:AKB48 Team TPの所属者,female
5,1883698,3714309,Category:AKB48の所属者,female
5,2604258,3714309,Category:HKT48の所属者,female
5,2923372,3714309,Category:JKT48の所属者,female
5,4937844,3714309,Category:KLP48の所属者,female
5,3554033,3714309,Category:NGT48の所属者,female
5,2604264,3714309,Category:NMB48の所属者,female
5,1888215,3714309,Category:SKE48の所属者,female
5,3563405,3714309,Category:STU48の所属者,female
5,2699785,3714309,Category:過去のAKB48グループ所属者,female
5,4267783,4267785,Category:Liella!のメンバー,female
5,2376271,5161477,Category:HAPPY! STYLE,female
5,4142122,3213451,Category:Μ'sのメンバー,female
5,4734698,4734702,Category:蓮ノ空女学院スクールアイドルクラブのメンバー,female
5,4142178,3843256,Category:虹ヶ咲学園スクールアイドル同好会のメンバー,female
5,4853843,4853841,Category:SMILE PRINCESSのメンバー,female
6,5089154,2699785,Category:過去のAKB48所属者,female
6,5089158,2699785,Category:過去のHKT48所属者,female
6,5089159,2699785,Category:過去のNGT48所属者,female
6,5089156,2699785,Category:過去のNMB48所属者,female
6,1888199,2699785,Category:SDN48の所属者,female
6,5089155,2699785,Category:過去のSKE48所属者,female
6,5089160,2699785,Category:過去のSTU48所属者,female
7,4575208,5089160,Category:岡田奈々 (1997年生のアイドル),female
7,3318704,5089160,Category:指原莉乃,female
7,4653131,5089160,Category:瀧野由美子,female
7,3784465,5089155,Category:北原里英,female
7,3953821,5089155,Category:高柳明音,female
7,3770539,5089155,Category:松井珠理奈,female
7,3776739,5089155,Category:松井玲奈,female
7,4261580,5089155,Category:渡辺美優紀,female
7,3784460,5089156,Category:柏木由紀,female
7,4071152,5089156,Category:山本彩,female
7,3784467,5089156,Category:横山由依,female
7,4796774,5089158,Category:運上弘菜,female
7,4734399,5089158,Category:田中美久,female
7,4796780,5089158,Category:松岡はな,female
7,4016657,5089158,Category:宮脇咲良,female
7,4733964,5089158,Category:矢吹奈子,female
7,3785373,5089154,Category:秋元才加,female
7,3914306,5089154,Category:生駒里奈,female
7,3779822,5089154,Category:板野友美,female
7,3347934,5089154,Category:大島麻衣,female
7,3774137,5089154,Category:大島優子,female
7,3784486,5089154,Category:河西智美,female
7,4004077,5089154,Category:川栄李奈,female
7,3891057,5089154,Category:倉持明日香,female
7,3779820,5089154,Category:小嶋陽菜,female
7,3777203,5089154,Category:篠田麻里子,female
7,3955327,5089154,Category:島崎遥香,female
7,3770680,5089154,Category:高橋みなみ,female
7,4581988,5089154,Category:本田仁美,female
7,3319883,5089154,Category:前田敦子,female
7,3784488,5089154,Category:峯岸みなみ,female
7,3342248,5089154,Category:渡辺麻友,female
8,4394301,3318704,Category:=LOVE,female
8,4566817,3318704,Category:≒JOY,female
8,4395833,3318704,Category:≠ME,female
6,4581858,1883698,Category:小栗有以,female
6,4581852,1883698,Category:向井地美音,female
6,4581866,1883698,Category:山内瑞葵,female
9,4837454,4395833,Category:≠MEのメンバー,female
9,4838599,4566817,Category:≒JOYのメンバー,female
9,4721413,4394301,Category:=LOVEのメンバー,female
5,5134483,5127263,Category:いきづらい部!のメンバー,female
5,4142111,3349971,Category:Aqoursのメンバー,female
5,4854492,4854487,Category:I☆Risのメンバー,female
5,3450120,2842292,Category:AKB48グループを題材としたコンピュータゲーム,female
5,2923374,2883478,Category:SNH48の所属者,female
5,3317907,566085,Category:AKB48関連の映画,female
5,3588458,566085,Category:AKB48選抜総選挙,female
3,4381749,3865198,Category:日本の女性言語教育学者,female
3,3842337,3832645,Category:日本の女性被服学者,female
3,4054252,3503041,Category:日本の女性科学者 (世紀別),female
3,3505158,3503041,Category:日本の女性医学者,female
3,3832622,3503041,Category:日本の女性栄養学者,female
3,3832603,3503041,Category:日本の女性化学者,female
3,3840474,3503041,Category:日本の女性看護学者,female
3,3865237,3503041,Category:日本の女性教育学者,female
3,4403404,3503041,Category:日本の女性計算機科学者,female
3,4377007,3503041,Category:日本の女性工学者,female
3,3831854,3503041,Category:日本の女性植物学者,female
3,4054219,3503041,Category:日本の女性神経科学者,female
3,3511788,3503041,Category:日本の女性心理学者,female
3,4080641,3503041,Category:日本の女性数学者,female
3,3832583,3503041,Category:日本の女性生物学者,female
3,3843075,3503041,Category:日本の女性天文学者,female
3,3832582,3503041,Category:日本の女性動物学者,female
3,3843076,3503041,Category:日本の女性認知科学者,female
3,3832614,3503041,Category:日本の女性農学者,female
3,3832587,3503041,Category:日本の女性物理学者,female
6,1370865,2115784,Category:C.C.ガールズ,female
4,4054253,4054252,Category:19世紀日本の女性科学者,female
4,4054246,4054252,Category:20世紀日本の女性科学者,female
4,4054247,4054252,Category:21世紀日本の女性科学者,female
2,4857925,4362990,Category:日本の女性皇族 (世紀別),female
3,4859264,4857925,Category:6世紀日本の女性皇族,female
3,4859265,4857925,Category:7世紀日本の女性皇族,female
3,4859283,4857925,Category:8世紀日本の女性皇族,female
3,4859996,4857925,Category:9世紀日本の女性皇族,female
3,4869210,4857925,Category:10世紀日本の女性皇族,female
3,4880566,4857925,Category:11世紀日本の女性皇族,female
3,4881400,4857925,Category:12世紀日本の女性皇族,female
3,4881401,4857925,Category:13世紀日本の女性皇族,female
3,4895512,4857925,Category:14世紀日本の女性皇族,female
3,4895513,4857925,Category:15世紀日本の女性皇族,female
3,4895515,4857925,Category:16世紀日本の女性皇族,female
3,4861193,4857925,Category:17世紀日本の女性皇族,female
3,4861194,4857925,Category:18世紀日本の女性皇族,female
3,4857932,4857925,Category:19世紀日本の女性皇族,female
3,4857929,4857925,Category:20世紀日本の女性皇族,female
3,4857923,4857925,Category:21世紀日本の女性皇族,female
1,4076252,4051488,Category:日本の男性アイドル,male
1,3510070,4051488,Category:日本の男性歌手,male
1,3572733,4051488,Category:日本の男性コメディアン,male
1,3572746,4051488,Category:日本の男性作家,male
1,2427504,4051488,Category:日本の男子スポーツ選手,male
1,3513464,4051488,Category:日本の男性ダンサー,male
1,3582970,4051488,Category:日本の男優,male
1,4549280,4051488,Category:日本の男性著作家,male
1,1486137,4051488,Category:日本の男性モデル,male
1,4616376,4051488,Category:元NPB選手のYouTuber,male
1,3918819,4051488,Category:日本の男性YouTuber,male
2,5022431,3918819,Category:ホロスターズのバーチャルYouTuber,male
2,1486165,1486137,Category:日本の男性ファッションモデル,male
2,4549273,4549280,Category:日本の男性絵本作家,male
2,3793349,4549280,Category:日本の男性ジャーナリスト,male
2,5003637,3582970,Category:日本の男優 (世紀別),male
2,5003691,3582970,Category:日本の男性子役,male
2,4105301,3582970,Category:ウルトラシリーズ主演俳優,male
2,523656,3582970,Category:日本のAV男優,male
2,166487,3582970,Category:歌舞伎役者,male
2,4104839,3582970,Category:仮面ライダーシリーズ主演俳優,male
2,4848468,3582970,Category:スーパー戦隊シリーズ主演俳優,male
2,676998,3582970,Category:日本の男性声優,male
2,1197221,3582970,Category:日活ロマンポルノの男優,male
2,4276151,2427504,Category:日本の男子アーチェリー選手,male
2,4875136,2427504,Category:日本の男子アイスホッケー選手,male
2,4094459,2427504,Category:日本の男子アルペンスキー選手,male
2,892490,2427504,Category:日本出身の大相撲力士,male
2,4114705,2427504,Category:日本の男子カーリング選手,male
2,2450326,2427504,Category:日本の男子空手家,male
2,3853397,2427504,Category:日本の男子競泳選手,male
2,2450333,2427504,Category:日本の男子ゴルファー,male
2,3932426,2427504,Category:日本の男子自転車選手,male
2,2450325,2427504,Category:日本の男子柔道家,male
2,4394434,2427504,Category:日本の男子ショートトラックスピードスケート選手,male
2,3084629,2427504,Category:日本の男子シングルスケーティング選手,male
2,3974570,2427504,Category:日本の男子水球選手,male
2,5013631,2427504,Category:日本の男子スカッシュ選手,male
2,4073131,2427504,Category:日本の男子スピードスケート選手,male
2,4183632,2427504,Category:日本の男子セーリング選手,male
2,4822038,2427504,Category:日本の男子ソフトテニス選手,male
2,3934783,2427504,Category:日本の男子ソフトボール選手,male
2,3951153,2427504,Category:日本の男子体操競技選手,male
2,3946016,2427504,Category:日本の男子卓球選手,male
2,4116557,2427504,Category:日本の男子テコンドー選手,male
2,3816845,2427504,Category:日本の男子テニス選手,male
2,4117108,2427504,Category:日本の男子飛込競技選手,male
2,4119615,2427504,Category:日本の男子トライアスロン選手,male
2,1980330,2427504,Category:日本の男子バスケットボール選手,male
2,4066570,2427504,Category:日本の男子バドミントン選手,male
2,1977759,2427504,Category:日本の男子バレーボール選手,male
2,3742431,2427504,Category:日本の男子ハンドボール選手,male
2,4063999,2427504,Category:日本の男子ビーチバレーボール選手,male
2,4110087,2427504,Category:日本の男子フェンシング選手,male
2,4891477,2427504,Category:日本の男子ベースボール5選手,male
2,4059492,2427504,Category:日本の男子ボウリング選手,male
2,3650233,2427504,Category:日本の男子ボクサー,male
2,4038051,2427504,Category:日本の男子ホッケー選手,male
2,3666839,2427504,Category:日本の男子陸上競技選手,male
2,3929256,2427504,Category:日本の男子レスリング選手,male
2,4857341,3572746,Category:池田大作,male
2,4273476,3572746,Category:日本の男性芸術家,male
2,3510625,3572746,Category:日本の男性作曲家,male
2,1741502,3572733,Category:明石家さんま,male
2,3757236,3572733,Category:有田哲平,male
2,4762576,3572733,Category:有吉弘行,male
2,3406163,3572733,Category:石橋貴明,male
2,1773523,3572733,Category:伊集院光,male
2,3471400,3572733,Category:稲川淳二,male
2,2625663,3572733,Category:今田耕司,male
2,2628562,3572733,Category:上田晋也,male
2,3235437,3572733,Category:内村光良,male
2,4582862,3572733,Category:榎本健一,male
2,4468612,3572733,Category:太田光,male
2,4161805,3572733,Category:岡村隆史,male
2,2598692,3572733,Category:片岡鶴太郎,male
2,4762584,3572733,Category:加藤浩次,male
2,2635334,3572733,Category:加藤茶,male
2,2583245,3572733,Category:上岡龍太郎,male
2,3406172,3572733,Category:木梨憲武,male
2,4036919,3572733,Category:劇団ひとり,male
2,3978158,3572733,Category:ケンドーコバヤシ,male
2,2635343,3572733,Category:小堺一機,male
2,4341145,3572733,Category:小籔千豊,male
2,1953120,3572733,Category:島田紳助,male
2,2516647,3572733,Category:志村けん,male
2,4089918,3572733,Category:陣内智則,male
2,2635345,3572733,Category:関根勤,male
2,2710567,3572733,Category:高田純次,male
2,434836,3572733,Category:たけし軍団,male
2,4016941,3572733,Category:竹中直人,male
2,4192851,3572733,Category:田村淳,male
2,1216634,3572733,Category:タモリ,male
2,3564791,3572733,Category:土田晃之,male
2,3817247,3572733,Category:出川哲朗,male
2,4060734,3572733,Category:徳井義実,male
2,3336291,3572733,Category:南原清隆,male
2,4161200,3572733,Category:西川きよし,male
2,3459374,3572733,Category:バカリズム,male
2,2572884,3572733,Category:萩本欽一,male
2,2625631,3572733,Category:浜田雅功,male
2,1232040,3572733,Category:ビートたけし,male
2,4997461,3572733,Category:東野幸治,male
2,2635324,3572733,Category:ヒロミ,male
2,2627698,3572733,Category:藤井隆,male
2,3242192,3572733,Category:二村定一,male
2,4884630,3572733,Category:古川ロッパ,male
2,4997448,3572733,Category:蛍原徹,male
2,4997446,3572733,Category:宮迫博之,male
2,4161808,3572733,Category:矢部浩之,male
2,4161198,3572733,Category:横山やすし,male
2,3854409,3510070,Category:日本の男性アイドルグループ,male
2,3510623,3510070,Category:日本の男性シンガーソングライター,male
2,3931579,3510070,Category:日本の男性歌手グループ,male
2,1971971,3510070,Category:日本のテノール歌手,male
2,2065043,3510070,Category:日本のバス歌手,male
2,1972042,3510070,Category:日本のバリトン歌手,male
2,3533902,3510070,Category:日本の男性ヘヴィメタル歌手,male
2,3516541,3510070,Category:日本の男性ポップ歌手,male
2,3516544,3510070,Category:日本の男性ロック歌手,male
3,4872987,3793349,Category:五百旗頭幸男,male
3,2681423,3793349,Category:池上彰,male
3,3626510,3793349,Category:石橋湛山,male
3,4531079,3793349,Category:内田忠男,male
3,4499918,3793349,Category:緒方竹虎,male
3,4653979,3793349,Category:幸徳秋水,male
3,4801809,3793349,Category:相撲記者,male
3,4667166,3793349,Category:立花隆,male
3,3439452,3793349,Category:田原総一朗,male
3,3273186,3793349,Category:土井敏邦,male
3,3840658,3793349,Category:徳富蘇峰,male
3,2162634,4549273,Category:寺村輝夫,male
3,1011969,4549273,Category:やなせたかし,male
3,2524882,166487,Category:歌舞伎座元の名跡,male
3,1698847,166487,Category:歌舞伎役者の名跡,male
3,1698879,166487,Category:歌舞伎役者の屋号,male
3,2654151,166487,Category:江戸時代の歌舞伎役者,male
3,4489167,166487,Category:五代目中村歌右衛門,male
3,2027553,523656,Category:日本のゲイポルノ男優,male
3,2988378,3510625,Category:團伊玖磨,male
3,4290579,3510625,Category:筒美京平,male
3,3756872,3510625,Category:冨田勲,male
3,3695232,3510625,Category:久石譲,male
3,4528801,3510625,Category:馬飼野康二,male
3,2830618,3510625,Category:黛敏郎,male
4,4486551,2654151,Category:出雲阿国,male
4,4487787,2654151,Category:初代市川團十郎,male
4,4495261,2654151,Category:初代坂田藤十郎,male
4,4495273,2654151,Category:初代中村歌右衛門,male
4,3865352,2830618,Category:黛敏郎の作曲映画,male
4,4528818,4528801,Category:馬飼野康二の作曲映画,male
4,3861633,3695232,Category:久石譲の作曲映画,male
4,3864932,3756872,Category:冨田勲の作曲映画,male
4,3876065,2988378,Category:團伊玖磨の作曲映画,male
4,3861447,2979526,Category:坂本龍一の作曲映画,male
5,1760573,5075636,Category:アンパンマン,male
4,3923926,3923924,Category:古関裕而の作曲映画,male
4,3053749,3053759,Category:Iceman,male
4,1392004,3053759,Category:Access,male
4,3863015,2830133,Category:芥川也寸志の作曲映画,male
5,2444955,634569,Category:團伊玖磨のオペラ,male
6,4655576,1760573,Category:アンパンマンの一覧,male
6,3368628,1760573,Category:アンパンマンの登場人物,male
6,3814960,1760573,Category:それいけ!アンパンマン,male
7,3568695,3368628,Category:アンパンマンの登場人物一覧,male
4,4872986,4872987,Category:五百旗頭幸男の監督映画,male
3,3659836,3931579,Category:日本のボーイ・バンド,male
3,4301858,3931579,Category:フォーリーブス,male
3,4424788,3854409,Category:INI,male
3,1175063,3854409,Category:W-inds.,male
3,3390649,3854409,Category:EBiDAN,male
3,4271675,3854409,Category:ORβIT,male
3,4937816,3854409,Category:JO1,male
3,4168484,3854409,Category:STARTO ENTERTAINMENTのポップ・グループ,male
3,3845707,3854409,Category:DA PUMP,male
3,4536684,3854409,Category:BUGVEL,male
3,4136015,3854409,Category:FreeK-Laboratory,male
3,3239678,3854409,Category:BOYS AND MEN,male
3,4473704,3854409,Category:BOYS AND MEN研究生,male
3,4473722,3854409,Category:MAG!C☆PRINCE,male
3,4337841,3854409,Category:祭nine.,male
3,596336,3854409,Category:WaT,male
3,2193665,2627698,Category:Matthew's Best Hit TV,male
3,3564235,2635324,Category:ボキャブラ天国,male
3,1360377,4997461,Category:やりすぎコージー,male
3,680078,1232040,Category:北野武の監督映画,male
3,1453208,1232040,Category:ギミア・ぶれいく,male
3,3743767,1232040,Category:世界まる見え!テレビ特捜部,male
3,787475,1232040,Category:ひょうきん族,male
3,1795909,1232040,Category:平成教育委員会,male
3,669335,2572884,Category:欽ちゃんファミリー,male
3,1745760,2572884,Category:茨城ゴールデンゴールズ,male
3,945173,2572884,Category:欽ちゃんの仮装大賞,male
4,2661954,1360377,Category:テレ土,male
4,2469183,1745760,Category:茨城ゴールデンゴールズの選手,male
4,5153450,4514955,Category:バカリズムの脚本映画,male
4,1428259,669335,Category:コサキン,male
4,3849228,3845707,Category:DA PUMPのメンバー,male
4,640303,4168484,Category:嵐 (グループ),male
4,3090291,4168484,Category:WEST.,male
4,4990772,4168484,Category:Aぇ! group,male
4,4273925,4168484,Category:A.B.C-Z,male
4,2391986,4168484,Category:Kis-My-Ft2,male
4,3769626,4168484,Category:King & Prince,male
4,572040,4168484,Category:SUPER EIGHT,male
4,4065628,4168484,Category:SixTONES,male
4,4065634,4168484,Category:Snow Man,male
4,3779968,4168484,Category:Timelesz,male
4,648521,4168484,Category:DOMOTO,male
4,562970,4168484,Category:TOKIO,male
4,4682345,4168484,Category:Travis Japan,male
4,4483419,4168484,Category:なにわ男子,male
4,649397,4168484,Category:NEWS,male
4,1168430,4168484,Category:Hey! Say! JUMP,male
4,5157613,3390649,Category:ICEx,male
4,5154971,3390649,Category:原因は自分にある。,male
4,5153943,3390649,Category:Sakurashimeji,male
4,4478388,3390649,Category:さくらしめじ,male
4,5154941,3390649,Category:SUPER★DRAGON,male
4,3550782,3390649,Category:超特急,male
4,5155980,3390649,Category:BUDDiiS,male
4,5040804,3390649,Category:M!LK,male
4,5157635,3390649,Category:Lienel,male
4,5072335,3390649,Category:ONE N' ONLY,male
4,4134585,3390649,Category:過去のEBiDAN所属者,male
4,4424790,4424788,Category:INIのメンバー,male
3,1844018,3336291,Category:ブラックビスケッツ,male
3,425762,3817247,Category:天才てれびくん,male
3,1097035,1216634,Category:ミュージックステーション,male
3,381813,1216634,Category:笑っていいとも!,male
3,2603559,4192851,Category:Jealkb,male
3,2018508,4016941,Category:竹中直人の監督映画,male
3,1556540,434836,Category:過去のたけし軍団所属者,male
3,682811,2635345,Category:赤いシリーズ,male
3,3720575,2635345,Category:烈車戦隊トッキュウジャー,male
5,4232586,1168430,Category:Hey! Say! JUMP関連のテンプレート,male
5,3783715,1168430,Category:Hey! Say! JUMPのメンバー,male
5,1051848,1168430,Category:Hey! Say! 7,male
5,4232233,1168430,Category:Hey! Say! BEST,male
5,3835384,4134585,Category:DISH//,male
4,4542033,425762,Category:天才てれびくんの企画,male
4,5176051,425762,Category:ビットワールド,male
4,1256206,381813,Category:いいとも青年隊,male
4,4710476,1556540,Category:東国原英夫,male
4,3715924,1097035,Category:ミュージックステーション CD SINGLE RANKING 第1位のテンプレート,male
6,3786630,3783715,Category:髙木雄也,male
6,3786621,3783715,Category:八乙女光,male
6,3786633,3783715,Category:薮宏太,male
5,2733701,4542033,Category:天才てれびくんのコーナーアニメ,male
5,491965,4542033,Category:てれび戦士,male
5,3425821,649397,Category:NEWS関連のテンプレート,male
5,3782788,649397,Category:NEWSのメンバー,male
5,4483416,4483419,Category:なにわ男子のメンバー,male
5,4682346,4682345,Category:Travis Japanのメンバー,male
5,3304289,562970,Category:TOKIOのメンバー,male
5,3850369,648521,Category:堂本光一,male
5,3850370,648521,Category:堂本剛,male
5,4289757,3779968,Category:Timelesz関連のテンプレート,male
5,4229680,3779968,Category:Timeleszのメンバー,male
5,4247625,4065634,Category:Snow Manのメンバー,male
5,4232018,4065628,Category:SixTONES関連のテンプレート,male
5,4232041,4065628,Category:SixTONESのメンバー,male
5,4409808,572040,Category:SUPER EIGHT関連のテンプレート,male
5,4519499,572040,Category:SUPER EIGHTのコンサート・ツアー,male
5,3304049,572040,Category:SUPER EIGHTのメンバー,male
5,4227917,3769626,Category:King & Prince関連のテンプレート,male
5,4227912,3769626,Category:King & Princeのメンバー,male
5,3915878,2391986,Category:Kis-My-Ft2のメンバー,male
6,3802910,3782788,Category:加藤シゲアキ,male
6,3784404,3782788,Category:小山慶一郎,male
6,3784410,3782788,Category:手越祐也,male
6,3793634,3782788,Category:錦戸亮,male
6,3784418,3782788,Category:増田貴久,male
6,3782786,3782788,Category:山下智久,male
6,3319814,3304289,Category:国分太一,male
6,3319875,3304289,Category:城島茂,male
6,3567626,3304289,Category:長瀬智也,male
6,3567630,3304289,Category:松岡昌宏,male
6,3802907,3304049,Category:大倉忠義,male
6,3802908,3304049,Category:渋谷すばる,male
6,3786635,3304049,Category:丸山隆平,male
6,3776751,3304049,Category:村上信五,male
6,3786636,3304049,Category:安田章大,male
6,3782766,3304049,Category:横山裕,male
7,4580925,3793634,Category:錦戸亮のコンサート・ツアー,male
7,2044265,3784404,Category:News every.,male
7,5145225,3782766,Category:横山裕のコンサート・ツアー,male
7,4584913,3802908,Category:渋谷すばるのコンサート・ツアー,male
5,4313995,4273925,Category:A.B.C-Zのメンバー,male
5,4229686,3090291,Category:WEST.のメンバー,male
5,2757826,640303,Category:嵐のメンバー,male
5,3257904,640303,Category:ピカ☆ンチ LIFE IS HARDだけどHAPPY,male
3,2359056,2516647,Category:志村けんのだいじょうぶだぁ,male
3,1595414,1953120,Category:クイズ!ヘキサゴン,male
3,5115906,1953120,Category:News zero,male
3,2309875,1953120,Category:ムーブ,male
6,3352011,2757826,Category:相葉雅紀,male
6,3774143,2757826,Category:大野智,male
6,3508073,2757826,Category:櫻井翔,male
6,3776675,2757826,Category:二宮和也,male
6,3776678,2757826,Category:松本潤,male
4,1655798,1595414,Category:羞恥心,male
3,2202454,2583245,Category:探偵!ナイトスクープ,male
3,1744604,2598692,Category:季節はずれの海岸物語,male
3,2194049,3235437,Category:内村プロデュース,male
3,1844010,3235437,Category:ポケットビスケッツ,male
3,894283,2625663,Category:あいのり,male
3,2194813,2625663,Category:爆笑レッドカーペット,male
3,1021915,1741502,Category:恋のから騒ぎ出身の人物,male
3,3442704,1741502,Category:さんま大先生,male
3,4273469,4273476,Category:日本の男性アニメーター,male
3,4275199,4273476,Category:日本の男性イラストレーター,male
3,3666869,3666839,Category:日本の男子円盤投の選手,male
3,3690568,3666839,Category:日本の男子競歩選手,male
3,3691398,3666839,Category:日本の男子車いすレース選手,male
3,3689642,3666839,Category:日本の男子三段跳の選手,male
3,3690590,3666839,Category:日本の十種競技の選手,male
3,3693951,3666839,Category:日本の男子短距離走の選手,male
3,3693955,3666839,Category:日本の男子中距離走の選手,male
3,3693959,3666839,Category:日本の男子長距離走の選手,male
3,3693967,3666839,Category:日本の男子ハードル選手,male
3,3688508,3666839,Category:日本の男子走高跳の選手,male
3,3689635,3666839,Category:日本の男子走幅跳の選手,male
3,3666875,3666839,Category:日本の男子ハンマー投の選手,male
3,3666856,3666839,Category:日本の男子砲丸投の選手,male
3,3688486,3666839,Category:日本の男子棒高跳の選手,male
3,3693964,3666839,Category:日本の男子マラソン選手,male
3,3666864,3666839,Category:日本の男子やり投の選手,male
3,3973725,3650233,Category:日本の男子アマチュアボクシング選手,male
3,1977758,1977759,Category:日本男子代表バレーボール選手,male
3,2466007,1977759,Category:ユニバーシアードバレーボール男子日本代表選手,male
4,3595489,4275199,Category:竹久夢二,male
4,2165558,4275199,Category:みうらじゅん,male
4,897790,4275199,Category:吉崎観音,male
4,4018607,4275199,Category:和田誠,male
4,1292773,3693959,Category:箱根駅伝の人物,male
5,716415,897790,Category:ケロロ軍曹,male
5,4276022,2165558,Category:みうらじゅん賞,male
3,4421505,1980330,Category:3x3バスケットボール男子日本代表選手,male
3,2779135,1980330,Category:バスケットボール男子日本代表選手,male
3,4029117,1980330,Category:NBAの日本人選手,male
3,4427336,1980330,Category:佐古賢一,male
5,4614386,1292773,Category:原晋,male
3,3913938,3816845,Category:錦織圭,male
3,3745771,3816845,Category:松岡修造,male
6,843233,716415,Category:ケロロ軍曹の登場人物,male
6,4276020,4276022,Category:みうらじゅん賞受賞者,male
4,3828231,2779135,Category:FIBAバスケットボール・ワールドカップ日本代表選手,male
7,4823373,843233,Category:ケロン人,male
3,4127266,3932426,Category:中野浩一,male
3,2572253,2450333,Category:日本の男子プロゴルファー,male
3,2577250,2450333,Category:日本の男子プロ（シニア）ゴルファー,male
3,892555,892490,Category:愛知県出身の大相撲力士,male
3,892498,892490,Category:青森県出身の大相撲力士,male
3,892506,892490,Category:秋田県出身の大相撲力士,male
3,892540,892490,Category:石川県出身の大相撲力士,male
3,892514,892490,Category:茨城県出身の大相撲力士,male
3,892501,892490,Category:岩手県出身の大相撲力士,male
3,892585,892490,Category:愛媛県出身の大相撲力士,male
3,892607,892490,Category:大分県出身の大相撲力士,male
3,892563,892490,Category:大阪府出身の大相撲力士,male
3,892578,892490,Category:岡山県出身の大相撲力士,male
3,892610,892490,Category:沖縄県出身の大相撲力士,male
3,892584,892490,Category:香川県出身の大相撲力士,male
3,892609,892490,Category:鹿児島県出身の大相撲力士,male
3,892533,892490,Category:神奈川県出身の大相撲力士,male
3,892550,892490,Category:岐阜県出身の大相撲力士,male
3,892562,892490,Category:京都府出身の大相撲力士,male
3,892602,892490,Category:熊本県出身の大相撲力士,male
3,892521,892490,Category:群馬県出身の大相撲力士,male
3,892586,892490,Category:高知県出身の大相撲力士,male
3,892525,892490,Category:埼玉県出身の大相撲力士,male
3,892590,892490,Category:佐賀県出身の大相撲力士,male
3,892559,892490,Category:滋賀県出身の大相撲力士,male
3,892553,892490,Category:静岡県出身の大相撲力士,male
3,892573,892490,Category:島根県出身の大相撲力士,male
3,892528,892490,Category:千葉県出身の大相撲力士,male
3,892531,892490,Category:東京都出身の大相撲力士,male
3,892582,892490,Category:徳島県出身の大相撲力士,male
3,892518,892490,Category:栃木県出身の大相撲力士,male
3,892572,892490,Category:鳥取県出身の大相撲力士,male
3,892538,892490,Category:富山県出身の大相撲力士,male
3,892599,892490,Category:長崎県出身の大相撲力士,male
3,892549,892490,Category:長野県出身の大相撲力士,male
3,892565,892490,Category:奈良県出身の大相撲力士,male
3,892535,892490,Category:新潟県出身の大相撲力士,male
3,892564,892490,Category:兵庫県出身の大相撲力士,male
3,892579,892490,Category:広島県出身の大相撲力士,male
3,892543,892490,Category:福井県出身の大相撲力士,male
3,892589,892490,Category:福岡県出身の大相撲力士,male
3,892510,892490,Category:福島県出身の大相撲力士,male
3,892487,892490,Category:北海道出身の大相撲力士,male
3,892558,892490,Category:三重県出身の大相撲力士,male
3,892503,892490,Category:宮城県出身の大相撲力士,male
3,892608,892490,Category:宮崎県出身の大相撲力士,male
3,892508,892490,Category:山形県出身の大相撲力士,male
3,892581,892490,Category:山口県出身の大相撲力士,male
3,892545,892490,Category:山梨県出身の大相撲力士,male
3,892570,892490,Category:和歌山県出身の大相撲力士,male
3,4802021,892490,Category:日本統治時代の台湾出身の大相撲力士,male
3,4802022,892490,Category:日本統治時代の朝鮮出身の大相撲力士,male
3,2913450,892490,Category:日本統治時代の南樺太出身の大相撲力士,male
3,5003640,5003637,Category:19世紀日本の男優,male
3,5003639,5003637,Category:20世紀日本の男優,male
3,5003634,5003637,Category:21世紀日本の男優,male
4,4764503,892531,Category:貴乃花光司,male
4,4764492,892487,Category:北の富士勝昭,male
4,3902504,892487,Category:大鵬幸喜,male
4,3629164,892487,Category:千代の富士貢,male
5,1969667,3902504,Category:大鵬部屋,male
4,4495484,892607,Category:双葉山定次,male
