depth,pageid,parent,title
0,4362990,3248378,Category:日本の女性 (職業別と世紀別)
0,4102361,3248378,Category:日本の女性アイドル
0,3832674,3248378,Category:日本の女性医師
0,3510778,3248378,Category:日本の女性音楽家
0,4484229,3248378,Category:日本の女性ガーデナー
0,3614549,3248378,Category:日本の女性外交官
0,4370107,3248378,Category:日本の女性学者
0,4219282,3248378,Category:日本の女性活動家
0,4487488,3248378,Category:日本の女性官僚
0,4538445,3248378,Category:日本の女性キュレーター
0,4054309,3248378,Category:日本の女性教育者
0,4271120,3248378,Category:日本の女性軍人
0,2832939,3248378,Category:芸妓
0,4518030,3248378,Category:日本の女性検察官
0,4721949,3248378,Category:女流講談師
0,3572734,3248378,Category:日本の女性コメディアン
0,4575396,3248378,Category:日本の女性裁判官
0,3572748,3248378,Category:日本の女性作家
0,3410786,3248378,Category:日本の女性サッカー指導者
0,3473877,3248378,Category:女性自衛官
0,4282014,3248378,Category:日本の女性実業家
0,4510967,3248378,Category:日本の女性社会起業家
0,2161939,3248378,Category:日本の助産師
0,3397597,3248378,Category:日本の女優
0,215751,3248378,Category:将棋の女流棋士
0,2447798,3248378,Category:日本の女子スポーツ選手
0,3243349,3248378,Category:日本の女性政治家
0,4484230,3248378,Category:日本の女性造園家
0,4131512,3248378,Category:日本の女性タレント
0,3912550,3248378,Category:日本の女性著作家
0,3995528,3248378,Category:日本の尼僧
0,3033046,3248378,Category:日本の女官
0,3849768,3248378,Category:日本の女性パイロット
0,4157155,3248378,Category:女性都道府県副知事
0,3583692,3248378,Category:日本の女性弁護士
0,4362501,3248378,Category:日本の女性編集者
0,2436805,3248378,Category:巫女
0,1486251,3248378,Category:日本の女性モデル
0,2660086,3248378,Category:江戸時代の遊女
0,3918821,3248378,Category:日本の女性YouTuber
0,3286406,3248378,Category:日本の女流落語家
1,4758672,3918821,Category:あおぎり高校のバーチャルYouTuber
1,4812852,3918821,Category:KAMITSUBAKI STUDIOのバーチャルアーティスト
1,4224943,3918821,Category:ななしいんくのバーチャルYouTuber
1,4474676,3918821,Category:ぶいすぽっ! Virtual eSports ProjectのバーチャルYouTuber
1,3965774,3918821,Category:ホロライブのバーチャルYouTuber
1,2949186,2660086,Category:島原太夫
1,1486262,1486251,Category:日本の女性アダルトモデル
1,3526999,1486251,Category:日本のグラビアモデル
1,3795584,1486251,Category:女性向けファッション雑誌のモデル
1,1486221,1486251,Category:日本の女性ファッションモデル
1,4486551,2436805,Category:出雲阿国
1,1174462,2436805,Category:架空の巫女
1,2771847,3033046,Category:奈良時代の女官
1,2771844,3033046,Category:平安時代の女官
1,2771885,3033046,Category:鎌倉時代の女官
1,3982881,3033046,Category:南北朝時代の女官
1,2790825,3033046,Category:江戸時代の女官
1,5112846,3033046,Category:近代日本の女官
1,5112867,3033046,Category:現代日本の女官
1,2771837,3033046,Category:尚侍
1,3982884,3033046,Category:女房名
1,4483925,3995528,Category:日本の尼僧 (世紀別)
1,3929672,3912550,Category:日本の女性著作家 (世紀別)
1,4006334,3912550,Category:日本の女性絵本作家
1,4481662,3912550,Category:日本の女性脚本家
1,4481657,3912550,Category:日本の女性劇作家
1,4006335,3912550,Category:日本の女性作詞家
1,3838583,3912550,Category:日本の女性詩人
1,4006331,3912550,Category:日本の女性児童文学作家
1,3572743,3912550,Category:日本の女性小説家
1,4319833,3912550,Category:日本の女性ノンフィクション作家
1,4362394,3912550,Category:日本の女性翻訳家
1,404662,4131512,Category:ワンギャル
1,738567,4131512,Category:オビガールG
1,197692,4131512,Category:グラビアアイドル
1,631556,4131512,Category:芸能人女子フットサル選手
1,435469,4131512,Category:ブランチリポーター
1,420315,4131512,Category:ミッドナイト☆パーティーシンデレラ
1,3835221,3243349,Category:日本の女性閣僚
1,3243922,3243349,Category:日本の女性議員
1,4904264,3243349,Category:田中眞紀子
1,3719610,3243349,Category:日本の女性地方首長
1,4493330,3243349,Category:土井たか子
1,4276139,2447798,Category:日本の女子アーチェリー選手
1,2560289,2447798,Category:日本の女子アイスホッケー選手
1,4094457,2447798,Category:日本の女子アルペンスキー選手
1,4114711,2447798,Category:日本の女子カーリング選手
1,2531086,2447798,Category:日本の女子空手家
1,4943472,2447798,Category:日本の女性騎手
1,1450768,2447798,Category:日本の女子キックボクサー
1,1922966,2447798,Category:女子競艇選手
1,3853400,2447798,Category:日本の女子競泳選手
1,1965825,2447798,Category:日本の女子ゴルファー
1,5013133,2447798,Category:日本の女子サーファー
1,177858,2447798,Category:日本の女子サッカー選手
1,1406663,2447798,Category:日本の女子自転車選手
1,3814878,2447798,Category:日本の女子柔道家
1,3935008,2447798,Category:日本の女子重量挙げ選手
1,4394408,2447798,Category:日本の女子ショートトラックスピードスケート選手
1,3084630,2447798,Category:日本の女子シングルスケーティング選手
1,3974582,2447798,Category:日本の女子水球選手
1,5009025,2447798,Category:日本の女子スカッシュ選手
1,2565378,2447798,Category:日本の女子スキージャンプ選手
1,4069627,2447798,Category:日本の女子スピードスケート選手
1,4183636,2447798,Category:日本の女子セーリング選手
1,1455975,2447798,Category:日本の女子総合格闘家
1,4821908,2447798,Category:日本の女子ソフトテニス選手
1,3951156,2447798,Category:日本の女子体操競技選手
1,3946012,2447798,Category:日本の女子卓球選手
1,4108915,2447798,Category:日本の女子テコンドー選手
1,1965922,2447798,Category:日本の女子テニス選手
1,4117110,2447798,Category:日本の女子飛込競技選手
1,4119091,2447798,Category:日本の女子トライアスロン選手
1,1396289,2447798,Category:日本の女子バスケットボール選手
1,4066571,2447798,Category:日本の女子バドミントン選手
1,1908604,2447798,Category:日本の女子バレーボール選手
1,3694986,2447798,Category:日本の女子ハンドボール選手
1,4063165,2447798,Category:日本の女子ビーチバレーボール選手
1,4107570,2447798,Category:日本の女子フェンシング選手
1,3421928,2447798,Category:日本の女子フットサル選手
1,741915,2447798,Category:日本の女子プロレスラー
1,4891475,2447798,Category:日本の女子ベースボール5選手
1,4059504,2447798,Category:日本の女子ボウリング選手
1,751251,2447798,Category:日本の女子ボクサー
1,4038053,2447798,Category:日本の女子ホッケー選手
1,4118880,2447798,Category:日本の女子ボディビルダー
1,1965699,2447798,Category:日本の女子野球選手
1,3942079,2447798,Category:日本の女子ラグビーユニオン選手
1,3666846,2447798,Category:日本の女子陸上競技選手
1,3940701,2447798,Category:日本の女性レーシングドライバー
1,2565774,2447798,Category:日本の女子レスリング選手
1,1262131,215751,Category:女流棋士会 (将棋)
1,4194157,215751,Category:将棋のYouTuber
1,4481441,3397597,Category:日本の女優 (世紀別)
1,230937,3397597,Category:日本のAV女優
1,5003690,3397597,Category:日本の女性子役
1,676880,3397597,Category:日本の女性声優
1,3551922,3397597,Category:日本の舞台女優
1,2331549,2161939,Category:保健師助産師看護師養成所
2,3511934,3551922,Category:日本のミュージカル女優
2,2477333,3551922,Category:男役
2,2490863,3551922,Category:娘役
2,2261128,230937,Category:日本のアダルトビデオメーカー別のAV女優
2,2324724,230937,Category:熟女系AV女優
2,3450568,230937,Category:ニューハーフAV女優
2,5104971,230937,Category:ハーフのAV女優
2,2383644,230937,Category:BRW108
2,4481449,4481441,Category:16世紀日本の女優
2,4481450,4481441,Category:17世紀日本の女優
2,4481026,4481441,Category:19世紀日本の女優
2,4481027,4481441,Category:20世紀日本の女優
2,4481471,4481441,Category:21世紀日本の女優
2,3666897,3666846,Category:日本の女子円盤投の選手
2,3690567,3666846,Category:日本の女子競歩選手
2,3691399,3666846,Category:日本の女子車いすレース選手
2,3689644,3666846,Category:日本の女子三段跳の選手
2,3693953,3666846,Category:日本の女子短距離走の選手
2,3693958,3666846,Category:日本の女子中距離走の選手
2,3693962,3666846,Category:日本の女子長距離走の選手
2,3690588,3666846,Category:日本の七種競技の選手
2,3693969,3666846,Category:日本の女子ハードル選手
2,3688510,3666846,Category:日本の女子走高跳の選手
2,3689636,3666846,Category:日本の女子走幅跳の選手
2,3666902,3666846,Category:日本の女子ハンマー投の選手
2,3666878,3666846,Category:日本の女子砲丸投の選手
2,3688487,3666846,Category:日本の女子棒高跳の選手
2,3693966,3666846,Category:日本の女子マラソン選手
2,3666885,3666846,Category:日本の女子やり投の選手
2,4484206,3942079,Category:ラグビー女子日本代表選手
2,4858993,1965699,Category:女子野球日本代表選手
2,4949186,1965699,Category:日本の高等学校出身の女子野球選手
2,4949234,1965699,Category:日本の大学出身の女子野球選手
3,4862341,4949234,Category:環太平洋大学出身の女子野球選手
3,4859790,4949234,Category:至学館大学及び至学館大学短期大学部出身の女子野球選手
3,4859748,4949234,Category:尚美学園大学出身の女子野球選手
3,4861695,4949234,Category:筑波大学出身の女子野球選手
3,4861725,4949234,Category:帝京平成大学出身の女子野球選手
3,4861296,4949234,Category:日本女子体育大学出身の女子野球選手
3,4861265,4949234,Category:日本体育大学出身の女子野球選手
3,4860816,4949234,Category:平成国際大学出身の女子野球選手
3,4861293,4949234,Category:武蔵大学出身の女子野球選手
3,4860873,4949234,Category:流通経済大学出身の女子野球選手
3,4860077,4949186,Category:大阪夕陽丘学園高等学校出身の女子野球選手
3,4860093,4949186,Category:神村学園高等部出身の女子野球選手
3,4860089,4949186,Category:岐阜県立郡上北高等学校出身の女子野球選手
3,4862288,4949186,Category:京都西山高等学校出身の女子野球選手
3,4862340,4949186,Category:京都両洋高等学校出身の女子野球選手
3,4860067,4949186,Category:熊本県立熊本商業高等学校出身の女子野球選手
3,4860447,4949186,Category:高知中央高等学校出身の女子野球選手
3,4862359,4949186,Category:神戸弘陵学園高等学校出身の女子野球選手
3,4860091,4949186,Category:駒沢学園女子高等学校出身の女子野球選手
3,4860545,4949186,Category:埼玉栄高等学校出身の女子野球選手
3,4859833,4949186,Category:至学館高等学校出身の女子野球選手
3,4861704,4949186,Category:市立札幌藻岩高等学校出身の女子野球選手
3,4862329,4949186,Category:椙山女学園高等学校出身の女子野球選手
3,4860811,4949186,Category:聖和学園高等学校出身の女子野球選手
3,4860883,4949186,Category:関市立関商工高等学校出身の女子野球選手
3,4861229,4949186,Category:奈良県立畝傍高等学校出身の女子野球選手
3,4860104,4949186,Category:花咲徳栄高等学校出身の女子野球選手
3,5029426,4949186,Category:福井工業大学附属福井高等学校出身の女子野球選手
3,4862281,4949186,Category:福岡大学附属若葉高等学校出身の女子野球選手
3,4948524,4949186,Category:福知山成美高等学校出身の女子野球選手
3,4860110,4949186,Category:横浜隼人高等学校出身の女子野球選手
3,4948600,4949186,Category:履正社高等学校出身の女子野球選手
3,4596373,4484206,Category:7人制ラグビー女子日本代表選手
3,3911502,3693966,Category:高橋尚子
3,2265944,2261128,Category:アイエナジー女優
3,2255636,2261128,Category:アイデアポケット女優
3,2265965,2261128,Category:アイビーワークス女優
3,2265942,2261128,Category:アウダースジャパン女優
3,2540395,2261128,Category:アキノリ女優
3,2266051,2261128,Category:アタッカーズ女優
3,2266073,2261128,Category:アテナ映像女優
3,2265934,2261128,Category:アートビデオ女優
3,3781290,2261128,Category:ATOM女優
3,2266340,2261128,Category:アトラス21女優
3,2255625,2261128,Category:アリスJAPAN女優
3,2405552,2261128,Category:アリーナ女優
3,2266027,2261128,Category:アロマ企画女優
3,2712593,2261128,Category:E-BODY女優
3,2266030,2261128,Category:イエロー女優
3,2383618,2261128,Category:イフリート女優
3,2257678,2261128,Category:宇宙企画女優
3,5170347,2261128,Category:HMN WORKS女優
3,2255794,2261128,Category:H.m.p女優
3,2265971,2261128,Category:映天女優
3,2299232,2261128,Category:S級素人女優
3,5141786,2261128,Category:S-Cute女優
3,1722395,2261128,Category:S1女優
3,2266120,2261128,Category:エッジ女優
3,2265961,2261128,Category:エッチアールシー女優
3,2265935,2261128,Category:FAプロ女優
3,2258995,2261128,Category:エムズビデオグループ女優
3,2265972,2261128,Category:OPPAI女優
3,2383615,2261128,Category:オーティス女優
3,2266023,2261128,Category:オフィスケイズ女優
3,2266107,2261128,Category:オブテイン・フューチャー女優
3,2258974,2261128,Category:オーロラプロジェクト女優
3,2265945,2261128,Category:笠倉出版社女優
3,2387911,2261128,Category:GAS女優
3,2266114,2261128,Category:ガッツ女優
3,2266021,2261128,Category:カルマ女優
3,2086521,3511934,Category:OSK日本歌劇団出身の人物
3,1884189,3511934,Category:OSK日本歌劇団団員
3,2088169,3511934,Category:松竹歌劇団出身の人物
3,2497755,3511934,Category:宝塚歌劇団生徒
3,916669,3511934,Category:宝塚歌劇団卒業生
3,2259040,2261128,Category:Kawaii*女優
3,2266111,2261128,Category:GIGA女優
3,3187602,2261128,Category:GARCON女優
3,2266096,2261128,Category:Kira☆kira女優
3,2266109,2261128,Category:麒麟堂女優
3,2258393,2261128,Category:KUKI女優
3,2257679,2261128,Category:クリスタル映像女優
3,2266094,2261128,Category:グレイズ女優
3,2266108,2261128,Category:CROSS女優
3,2265960,2261128,Category:グローリークエスト女優
3,2265119,2261128,Category:ケイ・エム・プロデュース女優
3,2266110,2261128,Category:激弾カーニバル女優
3,2266217,2261128,Category:幻奇女優
3,2266660,2261128,Category:光夜蝶女優
3,2265943,2261128,Category:ゴーゴーズ女優
3,2267255,2261128,Category:小林興業女優
3,2278843,2261128,Category:ゴリラプロジェクト女優
3,3244519,2261128,Category:サディスティックヴィレッジ女優
3,2266022,2261128,Category:実録出版女優
3,2265889,2261128,Category:シネマジック女優
3,2314895,2261128,Category:しのだプロジェクト女優
3,2266593,2261128,Category:シャイ企画女優
3,2266034,2261128,Category:ジャネス女優
3,2285698,2261128,Category:スタイルアート女優
3,2266044,2261128,Category:スターパラダイス女優
3,4454240,2261128,Category:エイチエス映像女優
3,2331527,2261128,Category:スティルワークス女優
3,4454250,2261128,Category:プールクラブ・エンタテインメント女優
3,2322139,2261128,Category:ステージメディア女優
3,2266026,2261128,Category:スパークビジョン女優
3,5141788,2261128,Category:セレブの友女優
3,2269928,2261128,Category:センタービレッジ女優
3,1830131,2261128,Category:SOD女優
3,2289190,2261128,Category:ダイヤモンド映像女優
3,2266112,2261128,Category:大洋図書女優
3,2265962,2261128,Category:タカラ映像女優
3,2444349,2261128,Category:ダスッ!女優
3,2266187,2261128,Category:溜池ゴロー女優
3,5141198,2261128,Category:痴女ヘブン女優
3,2266075,2261128,Category:チーム川崎女優
3,2265927,2261128,Category:TMA女優
3,2266216,2261128,Category:TMクリエイト女優
3,2265963,2261128,Category:ディープス女優
3,2266213,2261128,Category:デジタルアーク女優
3,2266043,2261128,Category:東京音光女優
3,2266048,2261128,Category:ドグマ女優
3,2265910,2261128,Category:トライハート女優
3,3768769,2261128,Category:トラウマアート女優
3,2266028,2261128,Category:ドリームクリエイト女優
3,2265884,2261128,Category:ドリームチケット女優
3,2285696,2261128,Category:ながえスタイル女優
3,2266113,2261128,Category:中嶋興業女優
3,2266074,2261128,Category:ナチュラルハイ女優
3,2285707,2261128,Category:なでしこ女優
3,5146564,2261128,Category:ナンパJAPAN女優
3,2266035,2261128,Category:ネクスト女優
3,2278833,2261128,Category:はじめ企画女優
3,2391716,2261128,Category:ハマジム女優
3,2258968,2261128,Category:隼エージェンシー女優
3,3095723,2261128,Category:BeFree女優
3,2299233,2261128,Category:ピーターズ女優
3,2265931,2261128,Category:ビッグモーカル女優
3,2266339,2261128,Category:VIP女優
3,5113663,2261128,Category:ビビアン女優
3,2287390,2261128,Category:ヒビノ女優
3,2266032,2261128,Category:P☆MAX女優
3,2258532,2261128,Category:百花美人女優
3,4308899,2261128,Category:FALENO専属女優
3,5140800,2261128,Category:Fitch女優
3,2265974,2261128,Category:V&R女優
3,3768755,2261128,Category:プラネットプラス女優
3,2266064,2261128,Category:BRAVO女優
3,2266024,2261128,Category:フリーダム女優
3,2266066,2261128,Category:ブリット女優
3,2266598,2261128,Category:フリービジョン女優
3,2255722,2261128,Category:プレステージ女優
3,2266025,2261128,Category:プレミアム女優
3,3063184,2261128,Category:変態紳士倶楽部女優
3,2265946,2261128,Category:ホットエンターテイメント女優
3,4262182,2261128,Category:本中女優
3,2255667,2261128,Category:マキシング女優
3,2255632,2261128,Category:マックス・エー女優
3,5146116,2261128,Category:Materiall女優
3,2266047,2261128,Category:マドンナ女優
3,5145181,2261128,Category:MARRION女優
3,2258971,2261128,Category:マルクス兄弟
3,2265966,2261128,Category:ミスター・インパクト女優
3,2266031,2261128,Category:未来・フューチャー女優
3,5120799,2261128,Category:Million専属女優
3,2265967,2261128,Category:みるきぃぷりん♪女優
3,5140785,2261128,Category:無垢女優
3,2255629,2261128,Category:MOODYZ女優
3,1726772,2261128,Category:MUTEKI
3,2266098,2261128,Category:明和プランニング女優
3,2266067,2261128,Category:メディアアーツ女優
3,2265970,2261128,Category:妄想族女優
3,2278060,2261128,Category:モブスターズ女優
3,2265909,2261128,Category:桃太郎映像女優
3,3768768,2261128,Category:ヤプーズマーケット女優
3,2265930,2261128,Category:U&K女優
3,2266092,2261128,Category:ユープランニング女優
3,2266029,2261128,Category:ラハイナ東海女優
3,2383624,2261128,Category:ROOKIE女優
3,2258993,2261128,Category:レアル・ワークス女優
3,2266042,2261128,Category:レイディックス女優
3,2278844,2261128,Category:LEO女優
3,2266088,2261128,Category:レックオーバー女優
3,5143560,2261128,Category:ROYAL女優
3,2266055,2261128,Category:ロイヤルアート女優
3,3033138,2261128,Category:ROCKET女優
3,2266115,2261128,Category:LOTUS女優
3,2261933,2261128,Category:ワープエンタテインメント女優
3,2265882,2261128,Category:ワンズファクトリー女優
1,4504111,4282014,Category:20世紀日本の女性実業家
1,4504108,4282014,Category:21世紀日本の女性実業家
4,4008962,916669,Category:宝塚歌劇団殿堂表彰者
4,4290572,916669,Category:宝塚歌劇団の生徒別のトピックス
4,2801569,2497755,Category:宝塚歌劇団生徒・期別一覧
4,4834772,2086521,Category:笠置シヅ子
4,4674221,2086521,Category:京マチ子
4,4669689,1722395,Category:架乃ゆら
1,3492502,3473877,Category:自衛隊の女性将官
5,2838556,4834772,Category:笠置シヅ子の楽曲
5,1795981,2801569,Category:宝塚歌劇団1期生
5,1795982,2801569,Category:宝塚歌劇団2期生
5,1795984,2801569,Category:宝塚歌劇団3期生
5,1795986,2801569,Category:宝塚歌劇団4期生
5,1795988,2801569,Category:宝塚歌劇団5期生
5,1795990,2801569,Category:宝塚歌劇団6期生
5,2999086,2801569,Category:宝塚歌劇団7・8期生
5,1795991,2801569,Category:宝塚歌劇団7期生
5,1795993,2801569,Category:宝塚歌劇団8期生
5,1795994,2801569,Category:宝塚歌劇団9期生
5,1795995,2801569,Category:宝塚歌劇団10期生
5,1795996,2801569,Category:宝塚歌劇団11期生
5,1795997,2801569,Category:宝塚歌劇団12期生
5,1796000,2801569,Category:宝塚歌劇団13期生
5,1796001,2801569,Category:宝塚歌劇団14期生
5,1796003,2801569,Category:宝塚歌劇団15期生
5,1796006,2801569,Category:宝塚歌劇団16期生
5,1796007,2801569,Category:宝塚歌劇団17期生
5,1796009,2801569,Category:宝塚歌劇団18期生
5,1796011,2801569,Category:宝塚歌劇団19期生
5,1796013,2801569,Category:宝塚歌劇団20期生
5,1796015,2801569,Category:宝塚歌劇団21期生
5,1796017,2801569,Category:宝塚歌劇団22期生
5,1796018,2801569,Category:宝塚歌劇団23期生
5,1796019,2801569,Category:宝塚歌劇団24期生
5,1796020,2801569,Category:宝塚歌劇団25期生
5,1796021,2801569,Category:宝塚歌劇団26期生
5,1796022,2801569,Category:宝塚歌劇団27期生
5,1796023,2801569,Category:宝塚歌劇団28期生
5,1796024,2801569,Category:宝塚歌劇団29期生
5,1796025,2801569,Category:宝塚歌劇団30期生
5,1796027,2801569,Category:宝塚歌劇団31期生
5,1796029,2801569,Category:宝塚歌劇団32期生
5,1796031,2801569,Category:宝塚歌劇団33期生
5,1796033,2801569,Category:宝塚歌劇団34期生
5,1796034,2801569,Category:宝塚歌劇団35期生
5,1796036,2801569,Category:宝塚歌劇団36期生
5,1796037,2801569,Category:宝塚歌劇団37期生
5,1796039,2801569,Category:宝塚歌劇団38期生
5,1796040,2801569,Category:宝塚歌劇団39期生
5,1796041,2801569,Category:宝塚歌劇団40期生
5,1796043,2801569,Category:宝塚歌劇団41期生
5,1796044,2801569,Category:宝塚歌劇団42期生
5,1796047,2801569,Category:宝塚歌劇団43期生
5,1796048,2801569,Category:宝塚歌劇団44期生
5,1796050,2801569,Category:宝塚歌劇団45期生
5,1796054,2801569,Category:宝塚歌劇団46期生
5,1796057,2801569,Category:宝塚歌劇団47期生
5,1796060,2801569,Category:宝塚歌劇団48期生
5,1796061,2801569,Category:宝塚歌劇団49期生
5,4331512,4290572,Category:愛華みれ
5,4024984,4290572,Category:朝丘雪路
5,4324128,4290572,Category:麻路さき
5,4005208,4290572,Category:麻実れい
5,4028083,4290572,Category:明日海りお
5,4011221,4290572,Category:天津乙女
5,3993459,4290572,Category:天海祐希
5,4316789,4290572,Category:安寿ミラ
5,4319172,4290572,Category:安奈淳
5,4004358,4290572,Category:一路真輝
5,4308108,4290572,Category:凰稀かなめ
5,4171619,4290572,Category:大浦みずき
5,4502285,4290572,Category:扇千景
5,4011215,4290572,Category:鳳蘭
5,3993471,4290572,Category:春日野八千代
5,4445137,4290572,Category:紅ゆずる
5,4450243,4290572,Category:黒木瞳
5,4142980,4290572,Category:香寿たつき
5,4022876,4290572,Category:越路吹雪
5,4024074,4290572,Category:小柳ルミ子
5,4307553,4290572,Category:紫苑ゆう
5,4207212,4290572,Category:紫吹淳
5,4357100,4290572,Category:純名里沙
5,4016764,4290572,Category:涼風真世
5,4601214,4290572,Category:寿美花代
5,4017042,4290572,Category:大地真央
5,4307569,4290572,Category:高汐巴
5,4114011,4290572,Category:珠城りょう
5,4142987,4290572,Category:檀れい
5,4125961,4290572,Category:剣幸
5,4024672,4290572,Category:轟悠
5,4016903,4290572,Category:花總まり
5,4445991,4290572,Category:遥くらら
5,4155092,4290572,Category:榛名由梨
5,4307945,4290572,Category:春野寿美礼
5,4307556,4290572,Category:日向薫
5,4059172,4290572,Category:真風涼帆
5,4018833,4290572,Category:真琴つばさ
5,4014177,4290572,Category:松本悠里
5,4307104,4290572,Category:真帆志ぶき
5,4014208,4290572,Category:真矢ミキ
5,4202386,4290572,Category:汀夏子
5,4307098,4290572,Category:峰さを理
5,4432312,4290572,Category:稔幸
5,4323710,4290572,Category:杜けあき
5,4026303,4290572,Category:八千草薫
5,4748263,4290572,Category:柚香光
5,4190208,4290572,Category:柚希礼音
5,4942000,4290572,Category:礼真琴
5,1796063,2801569,Category:宝塚歌劇団50期生
5,1796064,2801569,Category:宝塚歌劇団51期生
5,1796066,2801569,Category:宝塚歌劇団52期生
5,1796067,2801569,Category:宝塚歌劇団53期生
5,1796073,2801569,Category:宝塚歌劇団54期生
5,1796075,2801569,Category:宝塚歌劇団55期生
5,1796076,2801569,Category:宝塚歌劇団56期生
5,1796079,2801569,Category:宝塚歌劇団57期生
5,1796080,2801569,Category:宝塚歌劇団58期生
5,1796081,2801569,Category:宝塚歌劇団59期生
5,1796082,2801569,Category:宝塚歌劇団60期生
5,1796084,2801569,Category:宝塚歌劇団61期生
5,1796085,2801569,Category:宝塚歌劇団62期生
5,1796086,2801569,Category:宝塚歌劇団63期生
5,1796088,2801569,Category:宝塚歌劇団64期生
5,1796089,2801569,Category:宝塚歌劇団65期生
5,1796091,2801569,Category:宝塚歌劇団66期生
5,1796095,2801569,Category:宝塚歌劇団67期生
5,1796096,2801569,Category:宝塚歌劇団68期生
5,1796099,2801569,Category:宝塚歌劇団69期生
5,1796101,2801569,Category:宝塚歌劇団70期生
5,1796102,2801569,Category:宝塚歌劇団71期生
5,1796103,2801569,Category:宝塚歌劇団72期生
5,1796104,2801569,Category:宝塚歌劇団73期生
5,1796105,2801569,Category:宝塚歌劇団74期生
5,1796106,2801569,Category:宝塚歌劇団75期生
5,1796108,2801569,Category:宝塚歌劇団76期生
5,1796109,2801569,Category:宝塚歌劇団77期生
5,1796110,2801569,Category:宝塚歌劇団78期生
5,1796112,2801569,Category:宝塚歌劇団79期生
5,1796115,2801569,Category:宝塚歌劇団80期生
5,1796116,2801569,Category:宝塚歌劇団81期生
5,1789420,2801569,Category:宝塚歌劇団82期生
5,1793289,2801569,Category:宝塚歌劇団83期生
5,1793298,2801569,Category:宝塚歌劇団84期生
5,1789479,2801569,Category:宝塚歌劇団85期生
5,1789484,2801569,Category:宝塚歌劇団86期生
5,1793422,2801569,Category:宝塚歌劇団87期生
5,1795667,2801569,Category:宝塚歌劇団88期生
5,1796118,2801569,Category:宝塚歌劇団89期生
5,1796120,2801569,Category:宝塚歌劇団90期生
5,1796122,2801569,Category:宝塚歌劇団91期生
5,1796123,2801569,Category:宝塚歌劇団92期生
5,1796124,2801569,Category:宝塚歌劇団93期生
5,1796127,2801569,Category:宝塚歌劇団94期生
5,1796129,2801569,Category:宝塚歌劇団95期生
5,2021971,2801569,Category:宝塚歌劇団96期生
5,2344624,2801569,Category:宝塚歌劇団97期生
5,2562536,2801569,Category:宝塚歌劇団98期生
5,2801593,2801569,Category:宝塚歌劇団99期生
5,2981114,2801569,Category:宝塚歌劇団100期生
5,3209661,2801569,Category:宝塚歌劇団101期生
5,3535875,2801569,Category:宝塚歌劇団102期生
5,3589426,2801569,Category:宝塚歌劇団103期生
5,3997128,2801569,Category:宝塚歌劇団104期生
5,4000494,2801569,Category:宝塚歌劇団105期生
5,4221233,2801569,Category:宝塚歌劇団106期生
5,4392969,2801569,Category:宝塚歌劇団107期生
5,4583003,2801569,Category:宝塚歌劇団108期生
5,4775101,2801569,Category:宝塚歌劇団109期生
5,4922284,2801569,Category:宝塚歌劇団110期生
5,5080170,2801569,Category:宝塚歌劇団111期生
1,3825181,3572748,Category:日本の女性芸術家
1,3510628,3572748,Category:日本の女性作曲家
1,3227111,3572734,Category:日本の女性お笑いコンビ
1,2341603,3572734,Category:上沼恵美子
1,2627681,3572734,Category:久本雅美
1,2648519,3572734,Category:松嶋尚美
1,2600387,3572734,Category:山田邦子
1,4450455,2832939,Category:伝統技芸保持者
1,2864656,2832939,Category:芸妓を題材とした作品
1,3550632,2832939,Category:芸者歌手
1,2030118,2832939,Category:妓生
1,4362345,4054309,Category:日本の女性教育者 (世紀別)
1,4381831,4054309,Category:日本の女性音楽教育者
1,4389435,4054309,Category:日本の女性言語教育者
1,5115441,4219282,Category:19世紀日本の女性活動家
1,5115443,4219282,Category:20世紀日本の女性活動家
1,5120467,4219282,Category:21世紀日本の女性活動家
1,1928532,4219282,Category:愛国婦人会の人物
1,4000379,4219282,Category:女性の権利活動家 (日本)
1,4219349,4219282,Category:日本の女性労働運動家
2,3084540,751251,Category:日本の女子アマチュアボクシング選手
2,2427695,2331549,Category:名古屋市立大学
2,2389803,2331549,Category:過去の保健師助産師看護師養成所
2,2657799,2331549,Category:保健師助産師看護師養成所 (大学)
2,1587594,2331549,Category:慶應義塾大学
2,2657785,2331549,Category:保健師助産師看護師養成所 (短期大学)
2,3510624,3510628,Category:日本の女性シンガーソングライター
2,3980683,3825181,Category:日本の女性芸術家 (世紀別)
2,3844392,3825181,Category:日本の女性アニメーター
2,3844418,3825181,Category:日本の女性イラストレーター
2,3572739,3825181,Category:日本の女性映画監督
2,3807755,3825181,Category:日本の女性画家
2,3991200,3825181,Category:日本の女性グラフィックデザイナー
2,3824639,3825181,Category:日本の女性建築家
2,3825187,3825181,Category:日本の女性写真家
2,4006623,3825181,Category:女性造形作家
2,3513465,3825181,Category:日本の女性ダンサー
2,3980133,3825181,Category:日本の女性彫刻家
2,3947310,3825181,Category:日本の女性陶芸家
2,3988396,3825181,Category:日本の女性版画家
2,787475,2600387,Category:ひょうきん族
2,894283,2627681,Category:あいのり
2,4009368,2627681,Category:恋するハニカミ!
2,4361815,4362345,Category:19世紀日本の女性教育者
2,4361833,4362345,Category:20世紀日本の女性教育者
2,4361850,4362345,Category:21世紀日本の女性教育者
3,2658032,2657785,Category:過去の保健師助産師看護師養成所 (短期大学)
3,4451953,1587594,Category:慶應義塾大学の建築物
3,1995502,1587594,Category:慶應義塾大学の人物
3,3810282,1587594,Category:慶應義塾大学大学院
3,4171549,1587594,Category:慶應義塾大学の歴史
3,4690860,1587594,Category:慶應義塾體育會蹴球部
3,3011370,2427695,Category:名古屋市立大学の人物
3,894290,894283,Category:あいのり主題歌
3,4482029,3513465,Category:19世紀日本の女性ダンサー
3,4482030,3513465,Category:20世紀日本の女性ダンサー
3,5083291,3513465,Category:21世紀日本の女性ダンサー
3,3584449,3513465,Category:日本のバレリーナ
3,4483429,4361833,Category:津田梅子
3,4643272,4361833,Category:広岡浅子
3,2276095,4361833,Category:与謝野晶子
4,2503724,4690860,Category:慶應義塾體育會蹴球部の選手
4,2271027,4171549,Category:慶應義塾
4,2009689,3011370,Category:名古屋市立大学の教員
4,3004951,3011370,Category:名古屋市立大学出身の人物
4,2073521,1995502,Category:慶應義塾の人物
4,1995478,1995502,Category:慶應義塾大学の教員
4,2490140,1995502,Category:慶應義塾大学の研究所別の人物
4,3479299,1995502,Category:慶應義塾長
4,2794855,1995502,Category:慶應義塾大学出身の人物
3,3980438,3825187,Category:20世紀日本の女性写真家
3,3980439,3825187,Category:21世紀日本の女性写真家
3,4319520,3807755,Category:日本の女性画家 (世紀別)
5,3092520,3004951,Category:名古屋市立女子短期大学出身の人物
5,4388843,3004951,Category:名古屋市立保育短期大学出身の人物
5,2183126,2794855,Category:慶應義塾大学経営管理研究科の人物
5,4449894,2794855,Category:慶應義塾体育会ソッカー部の選手
5,5130942,2794855,Category:慶應義塾體育會競走部の選手
5,4164137,2794855,Category:博士（政策・メディア）取得者
5,3229166,2794855,Category:ミス慶應
5,300664,2794855,Category:慶應義塾大学野球部の選手
5,4687055,2794855,Category:共立薬科大学出身の人物
5,2530292,2490140,Category:慶應義塾大学アート・センターの人物
5,2183166,2490140,Category:慶應義塾大学SFC研究所の人物
5,3352294,2490140,Category:慶應義塾大学経済研究所の人物
5,2455970,2490140,Category:慶應義塾大学言語文化研究所の人物
5,2183236,2490140,Category:慶應義塾大学産業研究所の人物
5,2183143,2490140,Category:慶應義塾大学先端生命科学研究所の人物
5,4217002,2490140,Category:慶應義塾大学総合医科学研究センターの人物
5,2190841,2490140,Category:メディアコミュニケーション研究所の人物
5,2073506,1995478,Category:慶應義塾の教員
4,4319528,4319520,Category:17世紀日本の女性画家
4,4319515,4319520,Category:18世紀日本の女性画家
4,4317400,4319520,Category:19世紀日本の女性画家
4,4157315,4319520,Category:20世紀日本の女性画家
4,4157316,4319520,Category:21世紀日本の女性画家
5,2073671,2073521,Category:慶應義塾の塾生
3,4130944,3844418,Category:永田萌
3,3930211,3980683,Category:17世紀日本の女性芸術家
3,3930210,3980683,Category:18世紀日本の女性芸術家
3,3930202,3980683,Category:19世紀日本の女性芸術家
3,3930203,3980683,Category:20世紀日本の女性芸術家
3,3930206,3980683,Category:21世紀日本の女性芸術家
2,4000377,4000379,Category:日本の女性参政権活動家
2,4884224,2864656,Category:芸妓を題材とした映画作品
2,4884222,2864656,Category:芸妓を題材としたテレビドラマ
2,4883768,2864656,Category:芸妓を題材とした小説
2,4884260,2864656,Category:芸妓を題材とした舞台作品
2,4884247,2864656,Category:芸妓を題材とした漫画作品
2,2950965,2864656,Category:京都の芸舞妓を題材とした作品
2,4479270,2341603,Category:上沼恵美子の楽曲
2,2648513,3227111,Category:オセロ (お笑いコンビ)
3,2950960,2950965,Category:京都の芸舞妓を題材とした映画作品
3,4157156,2950965,Category:京都の芸舞妓を題材とした小説
3,2950968,2950965,Category:京都の芸舞妓を題材としたテレビドラマ
3,5068112,2950965,Category:京都の芸舞妓を題材とした舞台作品
3,4157154,2950965,Category:京都の芸舞妓を題材とした漫画作品
6,4357099,4357100,Category:純名里沙のアルバム
6,4357095,4357100,Category:純名里沙の楽曲
6,1279976,4024074,Category:小柳ルミ子の楽曲
6,3830890,4024074,Category:小柳ルミ子のベスト・アルバム
6,2807771,4022876,Category:越路吹雪の楽曲
6,4456077,4450243,Category:黒木瞳の監督映画
2,2544666,741915,Category:日本の女子プロレスラーのユニット
2,4241644,741915,Category:神取忍
2,4001844,741915,Category:ジャッキー佐藤
2,3364878,741915,Category:長与千種
2,1345117,1908604,Category:日本女子代表バレーボール選手
2,2466006,1908604,Category:ユニバーシアードバレーボール女子日本代表選手
2,4421511,1396289,Category:3x3バスケットボール女子日本代表選手
2,2623506,1396289,Category:バスケットボール女子日本代表選手
3,3364899,3364878,Category:Marvelous
3,4730963,2544666,Category:スターダムのユニット
3,2675939,2544666,Category:全日本女子プロレスのユニット
3,5158095,2544666,Category:東京女子プロレスのユニット
3,3828255,2623506,Category:FIBA女子バスケットボール・ワールドカップ日本代表選手
2,3675248,3084630,Category:浅田真央
2,2560459,1406663,Category:女子競輪選手
4,5000721,3364899,Category:Marvelousに所属するプロレスラー
4,5000725,3364899,Category:Marvelousに所属したプロレスラー
4,5000727,3364899,Category:Marvelousの王座
2,2819582,177858,Category:サッカー日本女子代表選手
2,4730559,177858,Category:在外日本人の女子サッカー選手
2,2603096,1965825,Category:日本の女子プロゴルファー
2,4348293,3853400,Category:池江璃花子
3,2945245,2560459,Category:ガールズケイリンの競走
3,3721866,2819582,Category:FIFA女子ワールドカップ日本代表選手
2,4362459,4362394,Category:日本の女性翻訳家 (世紀別)
3,4362452,4362459,Category:19世紀日本の女性翻訳家
3,4362407,4362459,Category:20世紀日本の女性翻訳家
3,4362408,4362459,Category:21世紀日本の女性翻訳家
2,2906533,2560289,Category:アイスホッケー女子日本代表選手
3,3701807,2603096,Category:プロテスト合格年度別の女子プロゴルファー
2,4026427,3719610,Category:日本の女性市町村長
2,3835406,3719610,Category:東京都の女性特別区長
2,3243353,3719610,Category:女性都道府県知事
2,3243350,3243922,Category:日本の女性国会議員
2,3243923,3243922,Category:日本の女性地方議会議員
2,3834930,3243922,Category:女性衆議院議員 (帝国議会)
2,307801,197692,Category:お菓子系アイドル
2,246635,197692,Category:キャンペーンガール
2,1364253,197692,Category:全国女子高生制服コレクション
2,1270221,197692,Category:テレ朝エンジェルアイ
2,1270191,197692,Category:日テレジェニック
2,1561379,197692,Category:Newnew
2,677000,197692,Category:ファイブスターガール
2,1270352,197692,Category:フジテレビビジュアルクイーン
2,4332483,197692,Category:ミス東スポ
2,1408602,197692,Category:ミスFLASH
2,669284,197692,Category:ミスマガジン
2,687920,197692,Category:ミニスカポリス
2,3922394,4319833,Category:日本の女性随筆家
2,4371368,4319833,Category:19世紀日本の女性ノンフィクション作家
2,4371356,4319833,Category:20世紀日本の女性ノンフィクション作家
2,4371357,4319833,Category:21世紀日本の女性ノンフィクション作家
2,4362717,3572743,Category:日本の女性推理作家
2,1476814,3572743,Category:有川ひろ
2,1231205,3572743,Category:有吉佐和子
2,3697015,3572743,Category:江國香織
2,4837201,3572743,Category:円地文子
2,3919208,3572743,Category:小川洋子
2,2598695,3572743,Category:桐野夏生
2,1119925,3572743,Category:栗本薫
2,4516353,3572743,Category:幸田文
2,3526110,3572743,Category:壺井栄
2,1779502,3572743,Category:樋口一葉
2,2271854,3572743,Category:氷室冴子
2,2713215,3572743,Category:湊かなえ
2,1537114,3572743,Category:向田邦子
2,1834474,3572743,Category:本谷有希子
2,4407147,3572743,Category:山田詠美
2,5024614,3572743,Category:柚木麻子
2,2271831,3572743,Category:吉屋信子
2,2349246,4006331,Category:あさのあつこ
2,4007846,4006331,Category:荻原規子
2,3954340,4006331,Category:朽木祥
2,4245969,4006331,Category:中川李枝子
2,4242267,4006331,Category:松谷みよ子
2,3864985,4006331,Category:森絵都
4,4370903,3701807,Category:1967年LPGAプロテスト合格者
4,3701822,3701807,Category:1971年LPGAプロテスト合格者
4,4023550,3701807,Category:1972年LPGAプロテスト合格者
4,3701818,3701807,Category:1973年LPGAプロテスト合格者
4,3702002,3701807,Category:1974年LPGAプロテスト合格者
4,4023548,3701807,Category:1975年LPGAプロテスト合格者
4,4023840,3701807,Category:1976年LPGAプロテスト合格者
4,3701815,3701807,Category:1979年LPGAプロテスト合格者
4,4023828,3701807,Category:1981年LPGAプロテスト合格者
4,4023836,3701807,Category:1982年LPGAプロテスト合格者
4,4024784,3701807,Category:1983年LPGAプロテスト合格者
4,3701809,3701807,Category:1984年LPGAプロテスト合格者
4,4023623,3701807,Category:1985年LPGAプロテスト合格者
4,3702039,3701807,Category:1987年LPGAプロテスト合格者
4,4023588,3701807,Category:1988年LPGAプロテスト合格者
4,4023591,3701807,Category:1989年LPGAプロテスト合格者
4,4023549,3701807,Category:1990年LPGAプロテスト合格者
4,4023615,3701807,Category:1991年LPGAプロテスト合格者
4,4023557,3701807,Category:1992年LPGAプロテスト合格者
4,3701824,3701807,Category:1994年LPGAプロテスト合格者
4,4023555,3701807,Category:1995年LPGAプロテスト合格者
4,3701812,3701807,Category:1996年LPGAプロテスト合格者
4,3701823,3701807,Category:1998年LPGAプロテスト合格者
4,4023596,3701807,Category:1999年LPGAプロテスト合格者
4,3701825,3701807,Category:2000年LPGAプロテスト合格者
4,3702038,3701807,Category:2001年LPGAプロテスト合格者
4,3701826,3701807,Category:2002年LPGAプロテスト合格者
4,3702024,3701807,Category:2003年LPGAプロテスト合格者
4,3701820,3701807,Category:2004年LPGAプロテスト合格者
4,3701814,3701807,Category:2005年LPGAプロテスト合格者
4,3701813,3701807,Category:2006年LPGAプロテスト合格者
4,3701808,3701807,Category:2007年LPGAプロテスト合格者
4,3701810,3701807,Category:2008年LPGAプロテスト合格者
4,3701821,3701807,Category:2009年LPGAプロテスト合格者
4,3702015,3701807,Category:2010年LPGAプロテスト合格者
4,3701806,3701807,Category:2011年LPGAプロテスト合格者
4,3702016,3701807,Category:2012年LPGAプロテスト合格者
4,3702017,3701807,Category:2013年LPGAプロテスト合格者
4,3702004,3701807,Category:2014年LPGAプロテスト合格者
4,3702019,3701807,Category:2015年LPGAプロテスト合格者
4,3873750,3701807,Category:2016年LPGAプロテスト合格者
4,3702021,3701807,Category:2017年LPGAプロテスト合格者
4,3941651,3701807,Category:2018年LPGAプロテスト合格者
4,4030909,3701807,Category:2019年LPGAプロテスト合格者
4,4531995,3701807,Category:2020年LPGAプロテスト合格者
4,4686035,3701807,Category:2021年LPGAプロテスト合格者
4,5011815,3701807,Category:2022年LPGAプロテスト合格者
4,5011816,3701807,Category:2023年LPGAプロテスト合格者
4,5011817,3701807,Category:2024年LPGAプロテスト合格者
4,3702010,3701807,Category:プロテスト合格を経ていないJLPGA会員
2,3838743,3838583,Category:日本の女性歌人
2,3929654,3838583,Category:日本の女性漢詩人
2,4485441,3838583,Category:知里幸恵
2,3838924,3838583,Category:日本の女性俳人
3,3243352,3243350,Category:女性参議院議員
3,3243351,3243350,Category:女性衆議院議員
3,4371898,4371357,Category:21世紀日本の女性随筆家
3,4371360,4371357,Category:21世紀日本の女性歴史家
3,4371897,4371356,Category:20世紀日本の女性随筆家
3,4371359,4371356,Category:20世紀日本の女性歴史家
3,4475605,4371356,Category:宮本百合子
3,3102687,2271831,Category:吉屋信子原作の映画作品
3,2925822,2271831,Category:吉屋信子原作のテレビドラマ
3,4450896,2271831,Category:吉屋信子の小説
3,4503051,3838743,Category:阿仏尼
3,4495205,3838743,Category:和泉式部
3,4340897,3838743,Category:小野小町
3,4637902,3838743,Category:式子内親王
3,4590251,3838743,Category:俵万智
4,4049971,4450896,Category:あの道この道
4,4386555,4371897,Category:阿川佐和子
4,2043239,4371897,Category:内館牧子
5,2906403,2043239,Category:内館牧子脚本のテレビドラマ
5,4456906,2043239,Category:内館牧子の小説
3,5063877,1537114,Category:向田邦子の著作
3,4941466,2713215,Category:湊かなえの小説
3,2922776,2713215,Category:湊かなえ原作のテレビドラマ
3,4174326,2271854,Category:氷室冴子の小説
3,4036346,1779502,Category:樋口一葉の小説
3,5132177,1779502,Category:樋口一葉を題材とした作品
3,4997468,3526110,Category:壺井栄原作の映画作品
3,3952304,3526110,Category:壺井栄の小説
3,4997477,3526110,Category:壺井栄原作のテレビドラマ
3,1807954,1119925,Category:栗本薫の小説
3,4008353,2598695,Category:桐野夏生原作の映画作品
3,3743313,2598695,Category:桐野夏生の小説
3,4008352,2598695,Category:桐野夏生原作のテレビドラマ
3,4360291,3919208,Category:小川洋子の小説
3,4511045,3697015,Category:江國香織の小説
3,4609179,1231205,Category:有吉佐和子の著作
3,4430934,1231205,Category:有吉佐和子原作の映画作品
3,2898351,1231205,Category:有吉佐和子原作のテレビドラマ
3,3283715,1476814,Category:有川ひろ原作の映画作品
3,4790666,1476814,Category:コロボックル物語
3,4790664,1476814,Category:有川ひろの小説
3,3294159,1476814,Category:有川ひろ原作のテレビドラマ
3,3617127,4362717,Category:小野不由美
3,2073219,4362717,Category:桜庭一樹
3,3703022,4362717,Category:高村薫
3,2229565,4362717,Category:夏樹静子
3,1877549,4362717,Category:宮部みゆき
3,2073333,4362717,Category:山村美紗
3,5017102,4362717,Category:柚月裕子
3,4378871,4371368,Category:19世紀日本の女性随筆家
4,3559909,5063877,Category:向田邦子脚本のテレビドラマ
4,4142166,5063877,Category:向田邦子の小説
4,4997467,3952304,Category:二十四の瞳
4,1785805,1807954,Category:グイン・サーガ
4,2156853,1807954,Category:栗本薫の短編小説集
4,5017104,5017102,Category:柚月裕子の小説
4,2953377,2073333,Category:山村美紗原作のテレビドラマ
4,3152805,1877549,Category:宮部みゆき原作の映画作品
4,3152804,1877549,Category:宮部みゆきの小説
4,2897494,1877549,Category:宮部みゆき原作のテレビドラマ
4,4740124,2229565,Category:夏樹静子の小説
4,2915799,2229565,Category:夏樹静子原作のテレビドラマ
4,4360299,2073219,Category:桜庭一樹の小説
4,1430792,3617127,Category:十二国記
4,3786106,4790664,Category:図書館戦争
4,2820438,4609179,Category:有吉佐和子の小説
2,4480801,4483925,Category:6世紀日本の尼僧
2,4480878,4483925,Category:7世紀日本の尼僧
2,4480809,4483925,Category:8世紀日本の尼僧
2,4480884,4483925,Category:9世紀日本の尼僧
2,4480848,4483925,Category:10世紀日本の尼僧
2,4480818,4483925,Category:11世紀日本の尼僧
2,4480813,4483925,Category:12世紀日本の尼僧
2,4480814,4483925,Category:13世紀日本の尼僧
2,4480840,4483925,Category:14世紀日本の尼僧
2,4480952,4483925,Category:15世紀日本の尼僧
2,4480794,4483925,Category:16世紀日本の尼僧
2,4480785,4483925,Category:17世紀日本の尼僧
2,4480811,4483925,Category:18世紀日本の尼僧
2,4480802,4483925,Category:19世紀日本の尼僧
2,4480803,4483925,Category:20世紀日本の尼僧
2,4480828,4483925,Category:21世紀日本の尼僧
2,4727045,1174462,Category:コンピュータゲームの巫女キャラクター
2,532757,1486221,Category:ニコモ
2,682372,3795584,Category:ViViモデルズ
2,1862599,3795584,Category:CanCamモデルズ
2,682365,3795584,Category:CLASSYモデル
2,2148789,3795584,Category:小悪魔agehaモデル
2,682356,3795584,Category:JJモデル
2,533668,3795584,Category:セブンティーンのモデル
2,2953205,3795584,Category:Non-noのモデル
2,4927877,3795584,Category:BAILAのモデル
2,2218119,3795584,Category:ハナチューモデル
2,533675,3795584,Category:ピチモ
2,2059442,3795584,Category:Popteenモデル
2,738533,3795584,Category:ラブベリーナ
2,3793690,3795584,Category:LARMEモデル
2,3590805,3795584,Category:Rayの専属モデル
2,3527038,3526999,Category:アモスタイル・イメージガール
2,1270535,3526999,Category:三愛水着イメージガール
2,1139609,3526999,Category:旭化成せんいキャンペーンモデル
2,1139566,3526999,Category:東レキャンペーンガール
2,5110710,3965774,Category:ホロライブのバーチャルYouTuberグループ
2,4994281,3965774,Category:星街すいせい
3,3955348,246635,Category:かつて存在したキャンペーンガール
3,4371203,246635,Category:昭和シェル石油イメージパーソナリティ
3,1889942,246635,Category:スーパー耐久イメージガール
3,1270508,246635,Category:トリンプ・イメージガール
3,4600175,246635,Category:ユニチカアンバサダー
3,1270386,246635,Category:リハウスガール
3,504286,246635,Category:レースクイーン
3,4756416,4994281,Category:星街すいせいのアルバム
3,4756411,4994281,Category:星街すいせいの楽曲
3,4101903,2059442,Category:Popteen専属モデル
3,1789877,532757,Category:プチモ
2,4446886,4481657,Category:永井愛
2,4205132,4006334,Category:Cocco
2,3929659,3929672,Category:7世紀日本の女性著作家
2,3929658,3929672,Category:8世紀日本の女性著作家
2,3929439,3929672,Category:9世紀日本の女性著作家
2,3929438,3929672,Category:10世紀日本の女性著作家
2,3929442,3929672,Category:11世紀日本の女性著作家
2,3929450,3929672,Category:12世紀日本の女性著作家
2,3929451,3929672,Category:13世紀日本の女性著作家
2,3929427,3929672,Category:14世紀日本の女性著作家
2,4481929,3929672,Category:15世紀日本の女性著作家
2,3923006,3929672,Category:16世紀日本の女性著作家
2,3923005,3929672,Category:17世紀日本の女性著作家
2,3923002,3929672,Category:18世紀日本の女性著作家
2,3922011,3929672,Category:19世紀日本の女性著作家
2,3922006,3929672,Category:20世紀日本の女性著作家
2,3922007,3929672,Category:21世紀日本の女性著作家
2,4340937,2771837,Category:藤原薬子
2,4967795,2790825,Category:孝明天皇の後宮
4,4920995,504286,Category:レースクイーンのテンプレート
4,1331280,504286,Category:A-class
4,1343967,504286,Category:SUPER GTイメージガール
4,3891732,504286,Category:日本レースクイーン大賞受賞者
3,1303633,4205132,Category:Coccoのアルバム
3,1729604,4205132,Category:Coccoの楽曲
3,3209165,4205132,Category:Coccoが制作した楽曲
3,388377,3922007,Category:CLAMP
3,4036481,3922006,Category:柳原白蓮
4,2748075,388377,Category:CLAMPの作品
4,2906587,388377,Category:CLAMP関連のテンプレート
4,2748048,388377,Category:CLAMP原作のアニメ作品
4,2316314,388377,Category:カードキャプターさくら
4,798607,388377,Category:ツバサ-RESERVoir CHRoNiCLE-
4,2878681,388377,Category:魔法騎士レイアース
4,3010158,4036481,Category:花子とアン
4,4205180,1303633,Category:Coccoのベスト・アルバム
4,1270468,3955348,Category:アサヒビールイメージガール
4,1270483,3955348,Category:カネボウスイムウエアイメージモデル
4,2115787,3955348,Category:キリンビールキャンペーンガール
4,1139628,3955348,Category:クラリオンガール
4,2115784,3955348,Category:サッポロビールイメージガール
4,2116632,3955348,Category:サントリービールキャンペーンガール
4,1270370,3955348,Category:JOMOイメージガール
4,1328376,3955348,Category:帝人キャンペーンガール
2,5088441,4812852,Category:ヰ世界情緒
2,5088440,4812852,Category:花譜
1,3503041,4370107,Category:日本の女性科学者
1,3832645,4370107,Category:日本の女性家政学者
1,4370106,4370107,Category:女性の漢学者
1,4722296,4370107,Category:日本の女性経営学者
1,3511477,4370107,Category:日本の女性経済学者
1,3865198,4370107,Category:日本の女性言語学者
1,4350034,4370107,Category:日本の女性考古学者
1,4498022,4370107,Category:日本の女性国際政治学者
1,4403401,4370107,Category:日本の女性社会学者
1,4322089,4370107,Category:日本の女性の人類学者
1,4497998,4370107,Category:日本の女性政治学者
1,3833229,4370107,Category:日本の女性哲学者
1,4722307,4370107,Category:日本の女性文化学者
1,3842367,4370107,Category:日本の女性保育学者
1,4491421,4370107,Category:日本の女性法学者
1,4369847,4370107,Category:日本の女性歴史学者
1,4349284,3614549,Category:日本の女性大使
5,3913726,2878681,Category:魔法騎士レイアースの音楽
5,3912185,798607,Category:ツバサ-RESERVoir CHRoNiCLE-の音楽
5,2684838,2316314,Category:カードキャプターさくらの音楽
1,3922718,3510778,Category:日本の女性音楽グループ
1,3510074,3510778,Category:日本の女性歌手
1,4395726,3510778,Category:日本の女性ドラマー
1,4325406,3510778,Category:日本の女性ピアニスト
1,4371002,3832674,Category:19世紀日本の女性医師
1,4371004,3832674,Category:20世紀日本の女性医師
1,4371006,3832674,Category:21世紀日本の女性医師
1,4370971,3832674,Category:日本の女性精神科医
1,3017155,4102361,Category:アキバ系アイドル
1,3854426,4102361,Category:日本の女性アイドルグループ
1,2535041,4102361,Category:お菓子系
1,912499,4102361,Category:過去のハロー!プロジェクト所属者
3,4750154,5088440,Category:花譜のアルバム
3,4762895,5088440,Category:花譜の楽曲
3,5019068,5088441,Category:ヰ世界情緒のアルバム
3,5087981,5088441,Category:ヰ世界情緒の楽曲
2,4722300,4369847,Category:日本の女性美術史家
6,3914807,3913726,Category:魔法騎士レイアースのアルバム
6,3542380,2684838,Category:カードキャプターさくらのアルバム
2,3774161,912499,Category:安倍なつみ
2,3810642,912499,Category:飯田圭織
2,3770560,912499,Category:石川梨華
2,3853173,912499,Category:石黒彩
2,3810645,912499,Category:加護亜依
2,3770933,912499,Category:後藤真希
2,3779808,912499,Category:紺野あさ美
2,3770939,912499,Category:高橋愛
2,3810664,912499,Category:田中れいな
2,3774150,912499,Category:辻希美
2,3808965,912499,Category:藤本美貴
2,3818983,912499,Category:松浦亜弥
2,2507772,912499,Category:真野恵里菜
2,3810663,912499,Category:道重さゆみ
2,3770554,912499,Category:矢口真里
2,3850381,912499,Category:保田圭
2,3770552,912499,Category:吉澤ひとみ
2,843703,2535041,Category:お菓子系雑誌
2,4181766,3854426,Category:アミューズの女性アイドルグループ
2,5017937,3854426,Category:We-B studiosの女性アイドルグループ
2,5027368,3854426,Category:ヴィジュアル系の女性アイドルグループ
2,4169034,3854426,Category:AKB48系のポップ・グループ
2,5164016,3854426,Category:エイベックスの女性アイドルグループ
2,5064915,3854426,Category:KAWAII LAB.のアイドルグループ
2,5164021,3854426,Category:坂道シリーズの女性アイドルグループ
2,5164049,3854426,Category:STAR PLANETのアイドルグループ
2,4385808,3854426,Category:TWIN PLANETの女性アイドルグループ
2,4179642,3854426,Category:DreamBoat
2,4168471,3854426,Category:ハロー!プロジェクトのポップ・グループ
2,5064918,3854426,Category:HEROINESのアイドルグループ
2,4180555,3854426,Category:プラチナムの女性アイドルグループ
2,4136015,3854426,Category:FreeK-Laboratory
2,4181023,3854426,Category:ライジングの女性アイドルグループ
2,5083421,3854426,Category:LIVE PLANETのアイドルグループ
2,4229945,3854426,Category:レプロの女性アイドルグループ
2,5164030,3854426,Category:WACKの女性アイドルグループ
2,2337675,3017155,Category:AKB48グループ
2,3252804,3017155,Category:でんぱ組.inc
2,5009475,3017155,Category:虹のコンキスタドール
2,2065074,3510074,Category:日本のアルト歌手
2,4627935,3510074,Category:日本の女性歌手グループ
2,3512634,3510074,Category:日本の女性ジャズ歌手
2,1695676,3510074,Category:日本のソプラノ歌手
2,4006340,3510074,Category:日本の女性フォークシンガー
2,3534931,3510074,Category:日本の女性ヘヴィメタル歌手
2,3512606,3510074,Category:日本の女性ポップ歌手
2,2065082,3510074,Category:日本のメゾソプラノ歌手
2,3510613,3510074,Category:日本の女性ロック歌手
2,3510665,3922718,Category:日本のガール・グループ
2,4634445,3922718,Category:日本のガールズバンド
2,3986795,3922718,Category:チャラン・ポ・ランタン
3,1134025,3770554,Category:笑う犬シリーズ
3,3981149,3810663,Category:道重さゆみのアルバム
3,1936613,2507772,Category:真野恵里菜のアルバム
3,2122371,2507772,Category:真野恵里菜の映像作品
3,1714731,2507772,Category:真野恵里菜の楽曲
3,932445,3818983,Category:松浦亜弥のアルバム
3,1519916,3818983,Category:松浦亜弥の楽曲
3,2015598,3818983,Category:GAMの楽曲
3,2017352,3808965,Category:藤本美貴の楽曲
3,4229568,5164030,Category:GANG PARADE
3,4229569,5164030,Category:PARADISES
3,4229561,5164030,Category:BiSH
3,5009478,5009475,Category:虹のコンキスタドールのアルバム
3,5009476,5009475,Category:虹のコンキスタドールのメンバー
3,4114964,3252804,Category:でんぱ組.incのアルバム
3,2891087,3252804,Category:でんぱ組.incの楽曲
3,3098439,3252804,Category:でんぱ組.incのメンバー
3,566085,2337675,Category:AKB48
3,4865602,2337675,Category:AKB48 Team SH
3,4278294,2337675,Category:AKB48 Team TP
3,2576847,2337675,Category:HKT48
3,2883482,2337675,Category:JKT48
3,4937843,2337675,Category:KLP48
3,3268588,2337675,Category:NGT48
3,2208856,2337675,Category:NMB48
3,1840797,2337675,Category:SDN48
3,1538324,2337675,Category:SKE48
3,3531009,2337675,Category:SKK47
3,2883478,2337675,Category:SNH48
3,3563408,2337675,Category:STU48
3,2714377,2337675,Category:AKB48グループ関連の楽曲
3,2485253,2337675,Category:AKB48グループの劇場公演
3,2842292,2337675,Category:AKB48グループを題材とした作品
3,3253703,2337675,Category:AKB48グループじゃんけん大会
3,3714309,2337675,Category:AKB48グループの所属者
3,3896039,2337675,Category:AKB48グループ関連の配信番組
3,3405038,2337675,Category:AKB48グループ関連の放送番組
3,2641958,2337675,Category:AKB48グループの派生ユニット
3,4188712,3986795,Category:チャラン・ポ・ランタンのアルバム
3,3983622,3986795,Category:チャラン・ポ・ランタンの楽曲
3,4561122,4634445,Category:SCANDAL
3,1165505,4634445,Category:チャットモンチー
3,662717,3510665,Category:ハロー!プロジェクトのユニット
3,4854487,3510665,Category:I☆Ris
3,3349971,3510665,Category:Aqours
3,5127263,3510665,Category:いきづらい部!
3,3928437,3510665,Category:仮面ライダーGIRLS
3,4853841,3510665,Category:SMILE PRINCESS
3,4223798,3510665,Category:Saint Snow
3,3843256,3510665,Category:虹ヶ咲学園スクールアイドル同好会
3,4734702,3510665,Category:蓮ノ空女学院スクールアイドルクラブ
3,5068579,3510665,Category:Harmoe
3,3213451,3510665,Category:Μ's
3,5161477,3510665,Category:ゆいかおり
3,4267785,3510665,Category:Liella!
4,4299181,4229561,Category:BiSHのアルバム
4,3920550,4229561,Category:BiSHの楽曲
4,4077900,2641958,Category:NO NAME (アイドルユニット)
4,2667752,2641958,Category:フレンチ・キス
4,3988830,2641958,Category:渡り廊下走り隊7
4,3317292,3405038,Category:AKB48関連の放送番組
4,2900228,3405038,Category:マジすか学園
4,3896040,3896039,Category:AKB48関連の配信番組
4,4658489,3714309,Category:AKB48 Team TPの所属者
4,1883698,3714309,Category:AKB48の所属者
4,2604258,3714309,Category:HKT48の所属者
4,2923372,3714309,Category:JKT48の所属者
4,4937844,3714309,Category:KLP48の所属者
4,3554033,3714309,Category:NGT48の所属者
4,2604264,3714309,Category:NMB48の所属者
4,1888215,3714309,Category:SKE48の所属者
4,3563405,3714309,Category:STU48の所属者
4,2699785,3714309,Category:過去のAKB48グループ所属者
4,3128756,1165505,Category:チャットモンチーのアルバム
4,2525818,1165505,Category:チャットモンチーの楽曲
4,4365247,4267785,Category:Liella!の楽曲
4,4746141,4267785,Category:Liella!のアルバム
4,4267783,4267785,Category:Liella!のメンバー
4,2890216,5161477,Category:ゆいかおりのアルバム
4,2746108,5161477,Category:ゆいかおりの楽曲
4,2376271,5161477,Category:HAPPY! STYLE
4,3213993,3213451,Category:Μ'sのアルバム
4,3349995,3213451,Category:Μ'sの映像作品
4,3213995,3213451,Category:Μ'sの楽曲
4,4142122,3213451,Category:Μ'sのメンバー
4,5068608,5068579,Category:Harmoeのアルバム
4,5068585,5068579,Category:Harmoeの楽曲
4,4936969,4734702,Category:蓮ノ空女学院スクールアイドルクラブのアルバム
4,4734698,4734702,Category:蓮ノ空女学院スクールアイドルクラブのメンバー
4,4186061,3843256,Category:虹ヶ咲学園スクールアイドル同好会の楽曲
4,4142188,3843256,Category:虹ヶ咲学園スクールアイドル同好会のアルバム
4,4190801,3843256,Category:虹ヶ咲学園スクールアイドル同好会の映像作品
4,4142178,3843256,Category:虹ヶ咲学園スクールアイドル同好会のメンバー
4,4223797,4223798,Category:Saint Snowの映像作品
4,4223796,4223798,Category:Saint Snowの楽曲
4,4854053,4853841,Category:SMILE PRINCESSの楽曲
4,4853843,4853841,Category:SMILE PRINCESSのメンバー
5,2898520,3988830,Category:渡り廊下走り隊7のアルバム
5,2902530,3988830,Category:渡り廊下走り隊7の楽曲
5,5089154,2699785,Category:過去のAKB48所属者
5,5089158,2699785,Category:過去のHKT48所属者
5,5089159,2699785,Category:過去のNGT48所属者
5,5089156,2699785,Category:過去のNMB48所属者
5,1888199,2699785,Category:SDN48の所属者
5,5089155,2699785,Category:過去のSKE48所属者
5,5089160,2699785,Category:過去のSTU48所属者
6,4575208,5089160,Category:岡田奈々 (1997年生のアイドル)
6,3318704,5089160,Category:指原莉乃
6,4653131,5089160,Category:瀧野由美子
6,3784465,5089155,Category:北原里英
6,3953821,5089155,Category:高柳明音
6,3770539,5089155,Category:松井珠理奈
6,3776739,5089155,Category:松井玲奈
6,4261580,5089155,Category:渡辺美優紀
6,3784460,5089156,Category:柏木由紀
6,4071152,5089156,Category:山本彩
6,3784467,5089156,Category:横山由依
6,4796774,5089158,Category:運上弘菜
6,4734399,5089158,Category:田中美久
6,4796780,5089158,Category:松岡はな
6,4016657,5089158,Category:宮脇咲良
6,4733964,5089158,Category:矢吹奈子
6,3785373,5089154,Category:秋元才加
6,3914306,5089154,Category:生駒里奈
6,3779822,5089154,Category:板野友美
6,3347934,5089154,Category:大島麻衣
6,3774137,5089154,Category:大島優子
6,3784486,5089154,Category:河西智美
6,4004077,5089154,Category:川栄李奈
6,3891057,5089154,Category:倉持明日香
6,3779820,5089154,Category:小嶋陽菜
6,3777203,5089154,Category:篠田麻里子
6,3955327,5089154,Category:島崎遥香
6,3770680,5089154,Category:高橋みなみ
6,4581988,5089154,Category:本田仁美
6,3319883,5089154,Category:前田敦子
6,3784488,5089154,Category:峯岸みなみ
6,3342248,5089154,Category:渡辺麻友
7,3988503,4071152,Category:山本彩のアルバム
7,3988501,4071152,Category:山本彩の楽曲
7,2677289,3342248,Category:渡辺麻友の楽曲
7,3503756,3319883,Category:前田敦子の楽曲
7,3458807,3784486,Category:河西智美の楽曲
7,2936949,3347934,Category:大島麻衣の楽曲
7,4126948,3779822,Category:板野友美のアルバム
7,2649756,3779822,Category:板野友美の楽曲
7,3905992,3784460,Category:柏木由紀の映像作品
7,2879741,3784460,Category:柏木由紀の楽曲
7,4394301,3318704,Category:=LOVE
7,4027552,3318704,Category:指原莉乃が制作した楽曲
7,4566817,3318704,Category:≒JOY
7,4395833,3318704,Category:≠ME
5,4581858,1883698,Category:小栗有以
5,4581852,1883698,Category:向井地美音
5,4581866,1883698,Category:山内瑞葵
5,2159900,2667752,Category:フレンチ・キスの楽曲
8,4394902,4395833,Category:≠MEのアルバム
8,4394898,4395833,Category:≠MEの楽曲
8,4837454,4395833,Category:≠MEのメンバー
8,4838599,4566817,Category:≒JOYのメンバー
8,4394357,4394301,Category:=LOVEのアルバム
8,3715592,4394301,Category:=LOVEの楽曲
8,4721413,4394301,Category:=LOVEのメンバー
4,5133910,5127263,Category:いきづらい部!の楽曲
4,5134483,5127263,Category:いきづらい部!のメンバー
4,4219294,3349971,Category:Aqoursのアルバム
4,3953256,3349971,Category:Aqoursの映像作品
4,3397678,3349971,Category:Aqoursの楽曲
4,4142111,3349971,Category:Aqoursのメンバー
4,3222920,4854487,Category:I☆Risのアルバム
4,3002797,4854487,Category:I☆Risの楽曲
4,4854492,4854487,Category:I☆Risのメンバー
4,2648010,4561122,Category:SCANDALのアルバム
4,1907059,4561122,Category:SCANDALの楽曲
4,3450142,2842292,Category:AKB48グループを題材とした映画作品
4,3450120,2842292,Category:AKB48グループを題材としたコンピュータゲーム
4,2642056,2714377,Category:DiVAの楽曲
4,2040762,2714377,Category:ノースリーブスの楽曲
4,2642062,2714377,Category:Not yetの楽曲
4,3737709,3563408,Category:STU48の楽曲
4,2923374,2883478,Category:SNH48の所属者
4,1853474,1538324,Category:SKE48の楽曲
4,2937880,1840797,Category:SDN48の楽曲
4,3620368,2208856,Category:NMB48のアルバム
4,2638019,2208856,Category:NMB48の楽曲
4,3580228,3268588,Category:NGT48の楽曲
4,2983040,2576847,Category:HKT48の楽曲
4,1716201,566085,Category:AKB48のアルバム
4,3766751,566085,Category:AKB48の映像作品
4,1324880,566085,Category:AKB48の楽曲
4,3317907,566085,Category:AKB48関連の映画
4,3588458,566085,Category:AKB48選抜総選挙
4,4102208,932445,Category:松浦亜弥のベスト・アルバム
5,3364933,1716201,Category:AKB48のベスト・アルバム
3,3859767,3774150,Category:Wの楽曲
3,932442,3770933,Category:後藤真希のアルバム
3,2073060,3770933,Category:後藤真希の映像作品
3,1824544,3770933,Category:後藤真希の楽曲
3,2872340,3810642,Category:飯田圭織の楽曲
3,932434,3774161,Category:安倍なつみのアルバム
3,2073062,3774161,Category:安倍なつみの映像作品
3,1916736,3774161,Category:安倍なつみの楽曲
2,4381749,3865198,Category:日本の女性言語教育学者
2,3842337,3832645,Category:日本の女性被服学者
2,4054252,3503041,Category:日本の女性科学者 (世紀別)
2,3505158,3503041,Category:日本の女性医学者
2,3832622,3503041,Category:日本の女性栄養学者
2,3832603,3503041,Category:日本の女性化学者
2,3840474,3503041,Category:日本の女性看護学者
2,3865237,3503041,Category:日本の女性教育学者
2,4403404,3503041,Category:日本の女性計算機科学者
2,4377007,3503041,Category:日本の女性工学者
2,3831854,3503041,Category:日本の女性植物学者
2,4054219,3503041,Category:日本の女性神経科学者
2,3511788,3503041,Category:日本の女性心理学者
2,4080641,3503041,Category:日本の女性数学者
2,3832583,3503041,Category:日本の女性生物学者
2,3843075,3503041,Category:日本の女性天文学者
2,3832582,3503041,Category:日本の女性動物学者
2,3843076,3503041,Category:日本の女性認知科学者
2,3832614,3503041,Category:日本の女性農学者
2,3832587,3503041,Category:日本の女性物理学者
4,3346429,932442,Category:後藤真希のベスト・アルバム
4,3610915,932442,Category:後藤真希のミニ・アルバム
5,1370865,2115784,Category:C.C.ガールズ
3,4054253,4054252,Category:19世紀日本の女性科学者
3,4054246,4054252,Category:20世紀日本の女性科学者
3,4054247,4054252,Category:21世紀日本の女性科学者
1,4857925,4362990,Category:日本の女性皇族 (世紀別)
2,4859264,4857925,Category:6世紀日本の女性皇族
2,4859265,4857925,Category:7世紀日本の女性皇族
2,4859283,4857925,Category:8世紀日本の女性皇族
2,4859996,4857925,Category:9世紀日本の女性皇族
2,4869210,4857925,Category:10世紀日本の女性皇族
2,4880566,4857925,Category:11世紀日本の女性皇族
2,4881400,4857925,Category:12世紀日本の女性皇族
2,4881401,4857925,Category:13世紀日本の女性皇族
2,4895512,4857925,Category:14世紀日本の女性皇族
2,4895513,4857925,Category:15世紀日本の女性皇族
2,4895515,4857925,Category:16世紀日本の女性皇族
2,4861193,4857925,Category:17世紀日本の女性皇族
2,4861194,4857925,Category:18世紀日本の女性皇族
2,4857932,4857925,Category:19世紀日本の女性皇族
2,4857929,4857925,Category:20世紀日本の女性皇族
2,4857923,4857925,Category:21世紀日本の女性皇族
